|Market Data
Home|,U.S. Stocks,|International
Markets|,ETFs,Mutual Funds,|Bonds, Rates &
Credit Markets|,|Commodities
& Futures|,Currencies,|Calendars &
Economy|,Earnings
||
||
||
||
|
|
||
|
|
NYSE Stock Exchange
|
|
|Tuesday, May 01, 2018|
|
|
SAVE TO SPREADSHEET
|
|
0-9,Symbol,Open,High,Low,Close,|Net
Chg|,%Chg,Vol,|52 Week
High|,|52 Week
Low|,Div,Yield,PE,|YTD
%Chg|
3D Systems,DDD,10.00 ,10.44 ,10.00 ,10.40 ,0.36 ,3.59 ,|1,497,049 |,23.70 ,7.92 ,... ,... ,... dd ,20.37 
3M,MMM,194.03 ,195.54 ,191.44 ,195.02 ,0.63 ,0.32 ,|4,485,852 |,259.77 ,191.44 ,5.44 ,2.79 ,28.93 ,-17.14 
8X8,EGHT,20.05 ,20.68 ,20.05 ,20.65 ,0.40 ,1.98 ,|511,999 |,20.68 ,13.90 ,... ,... ,... dd ,46.45 
58.com ADR,WUBA,87.05 ,88.94 ,86.50 ,88.63 ,1.24 ,1.42 ,|801,692 |,88.94 ,39.50 ,... ,... ,68.69 ,23.84 
500.com ADR,WBAI,18.34 ,19.09 ,18.24 ,18.99 ,0.74 ,4.05 ,|181,948 |,23.22 ,8.12 ,... ,... ,... dd ,87.83 
|
|
A,Symbol,Open,High,Low,Close,|Net
Chg|,%Chg,Vol,|52 Week
High|,|52 Week
Low|,Div,Yield,PE,|YTD
%Chg|
A10 Networks,ATEN,6.11 ,6.21 ,6.09 ,6.21 ,0.11 ,1.80 ,|156,248 |,8.88 ,5.63 ,... ,... ,... dd ,-19.56 
AAC Holdings,AAC,11.34 ,11.52 ,11.02 ,11.51 ,0.18 ,1.59 ,|159,677 |,13.06 ,5.99 ,... ,... ,... dd ,27.89 
AAR Corp.,AIR,43.20 ,43.56 ,42.55 ,43.47 ,0.17 ,0.39 ,|208,626 |,45.91 ,33.17 ,0.30 ,0.69 ,61.71 ,10.64 
Aaron's Inc.,AAN,41.46 ,41.60 ,39.71 ,40.28 ,-1.49 ,-3.57 ,|898,062 |,49.77 ,34.02 ,0.12 ,0.30 ,9.95 ,1.08 
ABB ADR,ABB,23.22 ,23.36 ,23.05 ,23.33 ,0.06 ,0.26 ,|1,557,708 |,28.67 ,21.92 ,0.83 ,3.54 ,24.00 ,-13.01 
Abbott Laboratories,ABT,57.70 ,58.87 ,57.55 ,58.82 ,0.69 ,1.19 ,|6,222,248 |,64.60 ,42.88 ,1.12 ,1.90 ,228.34 ,3.07 
AbbVie,ABBV,102.10 ,103.37 ,101.18 ,102.07 ,5.52 ,5.72 ,|11,814,671 |,125.86 ,64.61 ,3.84 ,3.76 ,25.71 ,5.54 
Abercrombie&Fitch,ANF,25.60 ,25.81 ,24.70 ,25.41 ,-0.21 ,-0.82 ,|3,066,261 |,29.20 ,8.81 ,0.80 ,3.15 ,423.50 ,45.78 
ABM Industries,ABM,31.04 ,31.09 ,30.26 ,30.64 ,-0.49 ,-1.57 ,|850,016 |,45.12 ,30.26 ,0.70 ,2.28 ,20.53 ,-18.77 
Acadia Realty Trust,AKR,23.59 ,23.78 ,23.39 ,23.69 ,0.09 ,0.38 ,|861,550 |,30.63 ,21.34 ,1.08 ,4.56 ,165.78 ,-13.41 
Accenture Cl A,ACN,151.09 ,151.95 ,150.12 ,151.92 ,0.72 ,0.48 ,|1,160,264 |,165.58 ,119.10 ,2.66 ,1.75 ,26.70 ,-0.76 
ACCO Brands,ACCO,12.30 ,12.30 ,11.25 ,11.60 ,-0.45 ,-3.73 ,|852,768 |,14.75 ,10.35 ,... ,... ,9.67 ,-4.92 
Acorn International ADR,ATV,25.32 ,26.46 ,25.32 ,26.46 ,0.58 ,2.25 ,|1,708 |,28.50 ,9.33 ,... ,... ,... ,49.98 
Actuant Cl A,ATU,23.45 ,23.45 ,22.80 ,23.25 ,-0.30 ,-1.27 ,|397,367 |,27.95 ,21.50 ,0.04 ,0.17 ,... dd ,-8.10 
Acuity Brands,AYI,113.39 ,114.85 ,110.67 ,113.87 ,-5.90 ,-4.93 ,|3,050,014 |,208.82 ,110.67 ,0.52 ,0.46 ,14.09 ,-35.30 
Acushnet Holdings,GOLF,24.30 ,24.36 ,23.97 ,24.32 ,0.16 ,0.66 ,|171,353 |,24.70 ,15.16 ,0.52 ,2.14 ,19.77 ,15.37 
Adecoagro,AGRO,7.69 ,7.83 ,7.54 ,7.58 ,-0.14 ,-1.81 ,|300,607 |,11.92 ,7.22 ,... ,... ,93.58 ,-26.69 
Adient,ADNT,61.51 ,61.51 ,59.61 ,60.79 ,-0.50 ,-0.82 ,|765,331 |,86.42 ,57.40 ,1.10 ,1.81 ,10.93 ,-22.76 
ADT,ADT,8.92 ,8.99 ,8.66 ,8.68 ,-0.23 ,-2.58 ,|1,692,711 |,13.02 ,7.36 ,... ,... ,... ,... 
Adtalem Global Education,ATGE,47.45 ,47.70 ,46.60 ,47.15 ,-0.45 ,-0.95 ,|325,261 |,50.15 ,30.15 ,... ,... ,254.04 ,12.13 
Advance Auto Parts,AAP,113.86 ,115.70 ,113.09 ,115.58 ,1.13 ,0.99 ,|768,809 |,151.72 ,78.81 ,0.24 ,0.21 ,18.00 ,15.94 
Advanced Disposal Services,ADSW,22.03 ,22.27 ,21.80 ,22.27 ,0.23 ,1.04 ,|238,411 |,25.71 ,20.94 ,... ,... ,52.07 ,-6.98 
Advanced Drainage Systems,WMS,25.15 ,25.30 ,24.85 ,25.00 ,-0.20 ,-0.79 ,|230,144 |,28.15 ,17.90 ,0.28 ,1.12 ,33.78 ,4.82 
AdvanSix,ASIX,35.68 ,36.51 ,35.05 ,36.44 ,0.62 ,1.73 ,|180,996 |,46.51 ,26.45 ,... ,... ,7.75 ,-13.38 
Advantage Oil&Gas,AAV,3.20 ,3.20 ,3.05 ,3.15 ,-0.05 ,-1.56 ,|229,189 |,7.35 ,2.70 ,... ,... ,8.22 ,-26.74 
AECOM,ACM,34.45 ,34.59 ,33.97 ,34.47 ,0.03 ,0.09 ,|710,076 |,39.90 ,30.15 ,... ,... ,13.62 ,-7.21 
Aegean Marine Petroleum Network,ANW,2.75 ,2.85 ,2.75 ,2.75 ,-0.05 ,-1.79 ,|106,508 |,11.20 ,1.75 ,0.04 ,1.45 ,... dd ,-36.05 
Aegon ADR,AEG,7.22 ,7.24 ,7.17 ,7.21 ,-0.05 ,-0.69 ,|1,261,209 |,7.48 ,4.81 ,0.35 ,4.84 ,6.05 ,14.44 
AerCap Holdings,AER,52.05 ,52.26 ,51.51 ,51.79 ,-0.34 ,-0.65 ,|1,170,967 |,55.66 ,42.35 ,... ,... ,9.08 ,-1.56 
Aerohive Networks,HIVE,4.07 ,4.13 ,3.94 ,4.12 ,0.05 ,1.23 ,|178,803 |,6.50 ,3.02 ,... ,... ,... dd ,-29.33 
|
|
A,Symbol,Open,High,Low,Close,|Net
Chg|,%Chg,Vol,|52 Week
High|,|52 Week
Low|,Div,Yield,PE,|YTD
%Chg|
Aerojet Rocketdyne Holdings,AJRD,27.72 ,28.20 ,27.52 ,27.94 ,... ,... ,|825,441 |,36.25 ,20.06 ,... ,... ,... dd ,-10.45 
AES,AES,12.25 ,12.26 ,12.10 ,12.21 ,-0.03 ,-0.25 ,|5,371,973 |,12.45 ,9.87 ,0.52 ,4.26 ,... dd ,12.74 
Aetna,AET,179.67 ,180.68 ,178.35 ,178.71 ,-0.34 ,-0.19 ,|1,791,224 |,194.40 ,135.61 ,2.00 ,1.12 ,31.08 ,-0.93 
Affiliated Managers Group,AMG,164.03 ,166.03 ,161.53 ,164.13 ,-0.73 ,-0.44 ,|475,387 |,217.00 ,148.81 ,1.20 ,0.73 ,12.91 ,-20.03 
AFLAC,AFL,45.25 ,45.50 ,45.00 ,45.40 ,-0.17 ,-0.37 ,|2,714,333 |,46.19 ,36.41 ,1.04 ,2.29 ,7.60 ,3.44 
AGCO,AGCO,63.50 ,63.74 ,60.59 ,61.18 ,-1.50 ,-2.39 ,|1,515,587 |,75.95 ,60.33 ,0.60 ,0.98 ,26.37 ,-14.35 
Agilent Technologies,A,65.63 ,66.35 ,65.49 ,66.24 ,0.50 ,0.76 ,|2,989,369 |,75.00 ,55.51 ,0.60 ,0.90 ,112.27 ,-1.09 
AG Mortgage Investment Trust,MITT,17.72 ,17.73 ,17.46 ,17.71 ,0.03 ,0.17 ,|81,916 |,19.95 ,16.31 ,1.90 ,10.73 ,4.71 ,-6.84 
Agnico-Eagle Mines,AEM,42.00 ,42.22 ,41.13 ,42.22 ,0.13 ,0.31 ,|1,204,509 |,51.86 ,37.35 ,0.44 ,1.04 ,46.91 ,-8.58 
Agree Realty,ADC,48.94 ,49.69 ,48.59 ,49.32 ,0.44 ,0.90 ,|151,823 |,53.65 ,43.74 ,2.08 ,4.22 ,23.86 ,-4.12 
A. H. Belo Series A,AHC,5.65 ,5.70 ,5.55 ,5.70 ,0.10 ,1.79 ,|43,183 |,6.30 ,4.35 ,0.32 ,5.61 ,12.41 ,18.75 
Aircastle,AYR,19.53 ,19.70 ,19.34 ,19.60 ,... ,... ,|222,304 |,25.30 ,18.97 ,1.12 ,5.71 ,10.43 ,-16.20 
Air Lease,AL,41.51 ,41.86 ,41.22 ,41.70 ,0.01 ,0.02 ,|488,353 |,50.70 ,34.42 ,0.40 ,0.96 ,6.11 ,-13.29 
Air Products&Chemicals,APD,161.44 ,162.52 ,159.49 ,162.49 ,0.20 ,0.12 ,|1,207,923 |,175.17 ,140.78 ,4.40 ,2.71 ,31.36 ,-0.97 
AK Steel Holding,AKS,4.52 ,4.55 ,4.14 ,4.32 ,-0.27 ,-5.88 ,|31,297,807 |,7.04 ,4.00 ,... ,... ,216.00 ,-23.67 
Alamo Group,ALG,109.10 ,109.92 ,107.51 ,109.73 ,0.26 ,0.24 ,|37,338 |,120.58 ,78.73 ,0.44 ,0.40 ,28.86 ,-2.78 
Alamos Gold,AGI,5.36 ,5.38 ,5.15 ,5.28 ,-0.12 ,-2.22 ,|1,590,106 |,8.58 ,4.83 ,0.02 ,0.38 ,58.47 ,-18.89 
Alaska Air Group,ALK,65.06 ,65.64 ,64.40 ,65.44 ,0.51 ,0.79 ,|1,101,226 |,95.75 ,57.60 ,1.28 ,1.96 ,8.70 ,-10.98 
Albany International Cl A,AIN,58.80 ,59.05 ,57.95 ,59.00 ,-0.15 ,-0.25 ,|88,304 |,68.85 ,45.80 ,0.68 ,1.15 ,61.46 ,-3.99 
Albemarle,ALB,96.27 ,97.62 ,95.66 ,97.62 ,0.66 ,0.68 ,|1,158,496 |,144.99 ,86.75 ,1.34 ,1.37 ,22.59 ,-23.67 
Alcoa,AA,51.04 ,52.43 ,50.11 ,51.99 ,0.79 ,1.54 ,|2,484,858 |,62.35 ,29.55 ,... ,... ,70.26 ,-3.49 
Alexander&Baldwin,ALEX,22.82 ,23.01 ,22.66 ,22.99 ,0.09 ,0.39 ,|218,642 |,46.96 ,21.78 ,... ,... ,6.65 ,-17.12 
Alexander's Inc.,ALX,393.49 ,394.13 ,385.01 ,385.12 ,-8.23 ,-2.09 ,|11,211 |,437.35 ,332.98 ,18.00 ,4.67 ,40.07 ,-2.71 
Alexandria Real Estate Equities,ARE,125.62 ,130.53 ,124.65 ,129.41 ,4.84 ,3.89 ,|1,207,790 |,134.37 ,112.02 ,3.60 ,2.78 ,82.23 ,-0.90 
Algonquin Power&Utilities,AQN,9.75 ,9.80 ,9.67 ,9.78 ,0.04 ,0.41 ,|118,087 |,11.34 ,9.43 ,0.47 ,4.76 ,26.30 ,-12.37 
Alibaba Group Holding ADR,BABA,177.58 ,180.32 ,177.44 ,179.50 ,0.96 ,0.54 ,|10,414,449 |,206.20 ,114.00 ,... ,... ,46.87 ,4.10 
Alleghany,Y,573.50 ,582.93 ,572.34 ,581.25 ,6.58 ,1.15 ,|95,406 |,639.42 ,521.07 ,... ,... ,109.05 ,-2.49 
Allegheny Technologies,ATI,26.35 ,26.38 ,25.23 ,26.16 ,-0.41 ,-1.54 ,|1,675,396 |,30.25 ,14.54 ,... ,... ,... dd ,8.37 
Allegion,ALLE,77.23 ,77.75 ,75.44 ,77.14 ,-0.04 ,-0.05 ,|1,527,672 |,89.81 ,75.44 ,0.84 ,1.09 ,26.69 ,-3.04 
Allergan,AGN,153.20 ,154.55 ,150.94 ,152.94 ,-0.71 ,-0.46 ,|3,171,472 |,256.80 ,142.81 ,2.88 ,1.88 ,... dd ,-6.50 
|
|
A,Symbol,Open,High,Low,Close,|Net
Chg|,%Chg,Vol,|52 Week
High|,|52 Week
Low|,Div,Yield,PE,|YTD
%Chg|
Allete,ALE,76.35 ,76.75 ,75.76 ,76.30 ,-0.11 ,-0.14 ,|160,399 |,81.24 ,66.64 ,2.24 ,2.94 ,22.57 ,2.61 
AllianceBernstein Holding,AB,27.10 ,27.20 ,26.75 ,27.10 ,-0.10 ,-0.37 ,|286,677 |,28.15 ,20.40 ,2.92 ,10.77 ,11.63 ,8.18 
Alliance Data Systems,ADS,203.00 ,203.82 ,201.49 ,203.30 ,0.25 ,0.12 ,|529,823 |,278.33 ,201.49 ,2.28 ,1.12 ,14.03 ,-19.80 
Alliance One International,AOI,20.60 ,21.10 ,19.80 ,20.75 ,-0.15 ,-0.72 ,|154,699 |,30.70 ,9.85 ,... ,... ,3.32 ,56.60 
Alliant Energy,LNT,43.00 ,43.07 ,42.78 ,42.82 ,-0.13 ,-0.30 ,|1,133,298 |,45.55 ,36.84 ,1.34 ,3.13 ,21.52 ,0.49 
Allison Transmission Holdings,ALSN,41.38 ,41.50 ,38.14 ,40.21 ,1.22 ,3.13 ,|4,363,223 |,45.69 ,32.93 ,0.60 ,1.49 ,11.77 ,-6.64 
Allstate,ALL,97.60 ,98.20 ,96.61 ,98.20 ,0.38 ,0.39 ,|1,505,980 |,105.36 ,81.44 ,1.84 ,1.87 ,11.73 ,-6.22 
Ally Financial,ALLY,25.99 ,26.46 ,25.92 ,26.32 ,0.22 ,0.84 ,|3,424,013 |,31.29 ,18.11 ,0.52 ,1.98 ,12.19 ,-9.74 
Alteryx Cl A,AYX,31.05 ,33.05 ,30.96 ,32.99 ,1.74 ,5.57 ,|954,379 |,39.21 ,15.71 ,... ,... ,... dd ,30.55 
Altice USA Cl A,ATUS,17.68 ,17.92 ,17.25 ,17.49 ,-0.41 ,-2.29 ,|1,631,440 |,35.29 ,17.25 ,... ,... ,8.81 ,-17.62 
Altria Group,MO,55.72 ,56.12 ,55.55 ,56.03 ,-0.08 ,-0.14 ,|5,981,994 |,77.79 ,54.23 ,2.80 ,5.00 ,10.01 ,-21.54 
Aluminum Corp. of China ADR,ACH,14.00 ,14.01 ,13.81 ,13.99 ,-0.03 ,-0.21 ,|84,191 |,23.54 ,11.01 ,... ,... ,42.94 ,-21.97 
Amber Road,AMBR,9.28 ,9.49 ,9.15 ,9.46 ,0.20 ,2.16 ,|46,007 |,10.29 ,6.14 ,... ,... ,... dd ,28.88 
Ambev ADR,ABEV,6.60 ,6.69 ,6.50 ,6.57 ,-0.05 ,-0.76 ,|7,890,494 |,7.43 ,5.30 ,... ,... ,45.19 ,1.70 
AMC Entertainment Holding,AMC,17.40 ,17.59 ,16.30 ,16.40 ,-1.05 ,-6.02 ,|2,006,321 |,30.16 ,10.80 ,0.80 ,4.88 ,... dd ,8.61 
Ameren,AEE,58.66 ,58.84 ,58.28 ,58.33 ,-0.29 ,-0.49 ,|1,139,550 |,64.89 ,51.89 ,1.83 ,3.14 ,27.03 ,-1.12 
Ameresco,AMRC,12.65 ,12.65 ,11.10 ,11.60 ,-0.25 ,-2.11 ,|274,427 |,13.20 ,5.25 ,... ,... ,13.98 ,34.88 
America Movil ADR,AMX,18.42 ,18.44 ,18.02 ,18.23 ,-0.26 ,-1.41 ,|1,763,367 |,19.91 ,14.95 ,0.31 ,1.72 ,94.21 ,6.30 
America Movil Cl A ADR,AMOV,18.36 ,18.36 ,17.89 ,18.04 ,-0.26 ,-1.42 ,|6,160 |,19.87 ,14.91 ,0.31 ,1.73 ,93.23 ,6.09 
American Assets Trust,AAT,33.48 ,34.20 ,33.43 ,33.96 ,0.39 ,1.16 ,|164,078 |,43.39 ,30.62 ,1.08 ,3.18 ,54.77 ,-11.19 
American Axle&Manufacturing Holdings,AXL,15.32 ,15.54 ,14.84 ,15.04 ,-0.30 ,-1.96 ,|3,920,724 |,20.27 ,13.38 ,... ,... ,4.61 ,-11.69 
American Campus Communities,ACC,39.11 ,39.65 ,39.10 ,39.39 ,0.28 ,0.72 ,|981,198 |,49.26 ,34.52 ,1.76 ,4.47 ,89.81 ,-4.00 
American Eagle Outfitters,AEO,20.56 ,20.74 ,20.06 ,20.35 ,-0.33 ,-1.60 ,|4,244,481 |,22.03 ,10.23 ,0.55 ,2.70 ,17.85 ,8.24 
American Electric Power,AEP,69.97 ,69.99 ,69.31 ,69.44 ,-0.54 ,-0.77 ,|2,760,513 |,78.07 ,63.32 ,2.48 ,3.57 ,19.34 ,-5.61 
American Equity Investment Life Holding,AEL,30.18 ,30.53 ,29.79 ,30.50 ,0.30 ,0.99 ,|383,834 |,35.79 ,23.02 ,0.26 ,0.85 ,15.72 ,-0.75 
American Express,AXP,98.82 ,98.82 ,97.29 ,98.58 ,-0.17 ,-0.17 ,|2,763,837 |,102.96 ,75.97 ,1.40 ,1.42 ,28.82 ,-0.74 
American Financial Group,AFG,112.83 ,113.27 ,111.88 ,113.19 ,-0.03 ,-0.03 ,|187,012 |,121.69 ,95.19 ,1.40 ,1.24 ,21.41 ,4.28 
American Homes 4 Rent Cl A,AMH,20.21 ,20.30 ,20.08 ,20.25 ,0.05 ,0.25 ,|1,491,728 |,23.28 ,18.39 ,0.20 ,0.99 ,... dd ,-7.28 
American International Group,AIG,55.90 ,56.33 ,55.38 ,56.31 ,0.31 ,0.55 ,|4,123,725 |,67.30 ,52.42 ,1.28 ,2.27 ,... dd ,-5.49 
American International Group WT,AIG%,17.12 ,17.26 ,16.77 ,17.19 ,-0.12 ,-0.69 ,|40,415 |,24.50 ,15.35 ,... ,... ,... ,-5.13 
|
|
A,Symbol,Open,High,Low,Close,|Net
Chg|,%Chg,Vol,|52 Week
High|,|52 Week
Low|,Div,Yield,PE,|YTD
%Chg|
American Midstream Partners,AMID,11.65 ,11.65 ,11.40 ,11.60 ,0.05 ,0.43 ,|94,305 |,15.25 ,9.65 ,1.65 ,14.22 ,... dd ,-13.11 
American Realty Investors,ARL,19.25 ,19.25 ,18.68 ,18.75 ,-0.50 ,-2.60 ,|3,772 |,21.57 ,7.00 ,... ,... ,... dd ,45.91 
American Renal Associates Holdings,ARA,14.60 ,14.76 ,14.13 ,14.30 ,-0.35 ,-2.39 ,|188,428 |,24.07 ,9.91 ,... ,... ,... dd ,-17.82 
American States Water,AWR,55.61 ,56.09 ,55.35 ,55.98 ,0.26 ,0.47 ,|249,708 |,60.00 ,43.08 ,1.02 ,1.82 ,29.78 ,-3.33 
American Tower REIT,AMT,137.07 ,138.66 ,133.85 ,135.10 ,-1.26 ,-0.92 ,|3,218,924 |,155.28 ,125.24 ,3.00 ,2.22 ,50.60 ,-5.31 
American Vanguard,AVD,21.45 ,21.55 ,21.10 ,21.35 ,-0.20 ,-0.93 ,|106,409 |,24.00 ,15.20 ,0.08 ,0.37 ,30.94 ,8.65 
American Water Works,AWK,86.38 ,86.80 ,86.11 ,86.63 ,0.05 ,0.06 ,|551,123 |,92.37 ,74.63 ,1.82 ,2.10 ,36.55 ,-5.31 
Americold Realty Trust,COLD,20.60 ,20.64 ,20.30 ,20.61 ,... ,... ,|665,521 |,21.13 ,16.13 ,... ,... ,... ,... 
AmeriGas Partners,APU,42.54 ,43.12 ,42.50 ,42.82 ,0.02 ,0.05 ,|95,700 |,48.37 ,39.41 ,3.80 ,8.87 ,36.60 ,-7.38 
Ameriprise Financial,AMP,140.05 ,140.92 ,138.15 ,139.05 ,-1.16 ,-0.83 ,|1,057,099 |,183.90 ,118.84 ,3.60 ,2.59 ,12.84 ,-17.95 
AmerisourceBergen,ABC,90.45 ,90.69 ,87.69 ,89.20 ,-1.38 ,-1.52 ,|1,645,496 |,106.27 ,71.90 ,1.52 ,1.70 ,19.22 ,-2.85 
Ametek,AME,69.74 ,69.78 ,68.57 ,69.26 ,-0.54 ,-0.77 ,|2,638,865 |,79.32 ,57.44 ,0.56 ,0.81 ,23.56 ,-4.43 
Amira Nature Foods,ANFI,3.70 ,3.78 ,3.67 ,3.70 ,-0.08 ,-2.12 ,|119,084 |,7.05 ,3.64 ,... ,... ,4.30 ,-11.27 
AMN Healthcare Services,AMN,66.90 ,67.35 ,65.10 ,66.60 ,-0.25 ,-0.37 ,|615,412 |,68.20 ,34.70 ,... ,... ,24.76 ,35.23 
Ampco-Pittsburgh,AP,9.90 ,9.90 ,8.95 ,9.40 ,-0.45 ,-4.57 ,|43,814 |,18.59 ,8.49 ,0.36 ,3.83 ,... dd ,-24.19 
Amphenol Cl A,APH,83.35 ,84.14 ,82.77 ,83.94 ,0.23 ,0.27 ,|1,274,916 |,93.62 ,70.90 ,0.92 ,1.10 ,38.50 ,-4.40 
Amrep,AXR,7.21 ,7.21 ,7.21 ,7.21 ,-0.04 ,-0.49 ,364 ,7.71 ,5.17 ,... ,... ,... dd ,2.77 
Anadarko Petroleum,APC,67.17 ,67.21 ,65.91 ,66.52 ,-0.80 ,-1.19 ,|5,740,717 |,68.18 ,39.96 ,1.00 ,1.50 ,... dd ,24.01 
Anadarko Petroleum Un,AEUA,30.42 ,30.95 ,30.42 ,30.85 ,0.20 ,0.65 ,|60,972 |,48.28 ,28.60 ,3.75 ,12.16 ,... ,-10.99 
Andeavor,ANDV,137.17 ,137.95 ,129.92 ,133.48 ,-4.84 ,-3.50 ,|7,916,893 |,144.08 ,78.25 ,2.36 ,1.77 ,13.52 ,16.74 
Andeavor Logistics,ANDX,42.17 ,43.88 ,41.85 ,42.77 ,0.33 ,0.78 ,|1,827,284 |,55.58 ,41.27 ,4.06 ,9.49 ,18.68 ,-7.40 
AngloGold Ashanti ADR,AU,8.99 ,9.06 ,8.89 ,9.03 ,0.05 ,0.56 ,|2,009,430 |,12.40 ,8.86 ,0.06 ,0.64 ,... dd ,-11.38 
Anheuser-Busch InBev ADR,BUD,98.10 ,98.10 ,96.14 ,97.59 ,-0.01 ,-0.01 ,|2,869,197 |,126.50 ,96.14 ,4.96 ,5.08 ,24.31 ,-12.52 
Anixter International,AXE,60.10 ,60.85 ,59.63 ,60.45 ,1.55 ,2.63 ,|458,613 |,88.85 ,58.13 ,... ,... ,18.65 ,-20.46 
Annaly Capital Management,NLY,10.41 ,10.41 ,10.30 ,10.34 ,-0.03 ,-0.29 ,|6,851,135 |,12.73 ,10.00 ,1.20 ,11.61 ,7.77 ,-13.04 
Antero Midstream GP,AMGP,17.14 ,17.55 ,16.91 ,17.44 ,0.22 ,1.28 ,|246,177 |,22.87 ,14.85 ,0.43 ,2.48 ,170.15 ,-11.56 
Antero Midstream Partners,AM,26.81 ,27.06 ,26.67 ,26.95 ,0.14 ,0.52 ,|270,904 |,35.55 ,24.20 ,1.56 ,5.79 ,19.67 ,-7.20 
Antero Resources,AR,18.93 ,19.29 ,18.81 ,19.17 ,0.17 ,0.89 ,|2,375,422 |,22.68 ,16.31 ,... ,... ,16.82 ,0.89 
Anthem,ANTM,235.83 ,237.94 ,233.07 ,235.53 ,-0.46 ,-0.19 ,|1,221,573 |,267.95 ,174.96 ,3.00 ,1.27 ,15.08 ,4.68 
Anworth Mortgage Asset,ANH,4.75 ,4.77 ,4.70 ,4.77 ,0.04 ,0.85 ,|424,377 |,6.35 ,4.55 ,0.60 ,12.58 ,10.15 ,-12.32 
|
|
A,Symbol,Open,High,Low,Close,|Net
Chg|,%Chg,Vol,|52 Week
High|,|52 Week
Low|,Div,Yield,PE,|YTD
%Chg|
Aon,AON,142.29 ,143.12 ,141.32 ,142.86 ,0.39 ,0.27 ,|620,785 |,152.78 ,119.49 ,1.60 ,1.12 ,... ,6.61 
A.O. Smith,AOS,61.25 ,61.60 ,60.24 ,61.51 ,0.16 ,0.26 ,|1,437,390 |,68.39 ,52.90 ,0.72 ,1.17 ,34.75 ,0.38 
Apache,APA,40.63 ,40.76 ,40.01 ,40.45 ,-0.50 ,-1.22 ,|2,460,069 |,52.67 ,33.60 ,1.00 ,2.47 ,11.88 ,-4.19 
Apartment Investment&Management,AIV,40.63 ,41.19 ,40.50 ,41.08 ,0.48 ,1.18 ,|824,235 |,46.72 ,37.97 ,1.52 ,3.70 ,893.04 ,-6.02 
Apergy,APY@,37.50 ,38.00 ,37.00 ,37.50 ,-0.50 ,-1.32 ,|21,800 |,40.00 ,37.00 ,... ,... ,... ,... 
Apollo Commercial Real Estate Finance,ARI,18.03 ,18.04 ,17.92 ,18.03 ,0.01 ,0.06 ,|972,383 |,19.27 ,17.56 ,1.84 ,10.21 ,11.95 ,-2.28 
Apollo Global Management Cl A,APO,28.77 ,28.83 ,28.09 ,28.60 ,-0.24 ,-0.83 ,|1,241,010 |,37.35 ,25.61 ,2.64 ,9.23 ,9.20 ,-14.55 
Apple Hospitality REIT,APLE,17.91 ,18.01 ,17.76 ,17.95 ,0.06 ,0.34 ,|1,015,445 |,20.19 ,16.72 ,1.20 ,6.69 ,22.16 ,-8.47 
Applied Industrial Technologies,AIT,63.75 ,64.90 ,62.45 ,64.60 ,0.65 ,1.02 ,|486,617 |,75.40 ,54.00 ,1.20 ,1.86 ,16.48 ,-5.14 
Aptargroup,ATR,93.45 ,93.87 ,92.73 ,93.54 ,0.04 ,0.04 ,|425,749 |,96.39 ,78.89 ,1.28 ,1.37 ,26.50 ,8.41 
Aptiv,APTV,84.71 ,85.10 ,83.69 ,84.53 ,-0.05 ,-0.06 ,|1,952,178 |,96.91 ,64.69 ,0.88 ,1.04 ,16.71 ,-0.35 
Aqua America,WTR,35.11 ,35.60 ,34.99 ,35.49 ,0.34 ,0.97 ,|611,005 |,39.55 ,31.18 ,0.82 ,2.31 ,26.29 ,-9.53 
Aquantia,AQ,11.75 ,11.99 ,11.37 ,11.89 ,0.08 ,0.68 ,|356,202 |,18.49 ,9.01 ,... ,... ,... dd ,4.94 
AquaVenture Holdings,WAAS,14.65 ,14.65 ,14.49 ,14.55 ,-0.11 ,-0.75 ,|46,802 |,18.21 ,10.87 ,... ,... ,... dd ,-6.25 
Aramark,ARMK,37.30 ,37.43 ,37.05 ,37.43 ,0.04 ,0.11 ,|1,020,548 |,46.09 ,36.22 ,0.42 ,1.12 ,17.41 ,-12.42 
Arbor Realty Trust,ABR,8.75 ,8.77 ,8.68 ,8.73 ,-0.03 ,-0.34 ,|271,630 |,8.99 ,7.83 ,0.84 ,9.62 ,7.79 ,1.04 
ARC Document Solutions,ARC,2.20 ,2.20 ,2.11 ,2.19 ,-0.01 ,-0.45 ,|82,508 |,4.84 ,2.04 ,... ,... ,... dd ,-14.12 
ArcelorMittal ADR,MT,33.67 ,33.67 ,32.61 ,33.17 ,-0.67 ,-1.98 ,|1,696,117 |,37.50 ,19.59 ,... ,... ,4.97 ,2.66 
Arch Coal,ARCH,80.37 ,81.05 ,76.97 ,78.01 ,-2.82 ,-3.49 ,|613,070 |,102.61 ,60.13 ,1.60 ,2.05 ,7.30 ,-16.26 
Archer Daniels Midland,ADM,45.60 ,45.99 ,44.78 ,45.03 ,-0.35 ,-0.77 ,|4,288,526 |,46.25 ,38.59 ,1.34 ,2.98 ,16.08 ,12.35 
Archrock,AROC,10.55 ,10.80 ,10.20 ,10.70 ,-0.10 ,-0.93 ,|4,856,274 |,13.01 ,8.25 ,0.48 ,4.49 ,41.33 ,1.90 
Arconic,ARNC,18.01 ,18.40 ,17.58 ,17.68 ,-0.13 ,-0.73 ,|14,708,948 |,31.17 ,17.58 ,0.24 ,1.36 ,... dd ,-35.12 
Arcos Dorados Holdings Cl A,ARCO,9.10 ,9.35 ,9.10 ,9.35 ,0.25 ,2.75 ,|505,497 |,10.80 ,7.40 ,0.20 ,2.14 ,... ,-9.66 
Arcus Biosciences,RCUS,15.05 ,15.46 ,14.66 ,15.09 ,-0.13 ,-0.85 ,|136,308 |,22.10 ,13.26 ,... ,... ,... ,... 
Ardagh Group Cl A,ARD,20.26 ,20.26 ,19.54 ,19.81 ,-0.51 ,-2.51 ,|55,443 |,24.54 ,17.43 ,0.56 ,2.83 ,77.32 ,-6.11 
Ardmore Shipping,ASC,8.05 ,8.05 ,7.85 ,7.90 ,-0.10 ,-1.25 ,|155,459 |,9.05 ,6.40 ,0.44 ,5.57 ,... dd ,-1.25 
Ares Commercial Real Estate,ACRE,12.29 ,12.42 ,12.13 ,12.41 ,0.18 ,1.47 ,|86,267 |,14.11 ,11.96 ,1.12 ,9.02 ,11.49 ,-3.80 
Ares Management,ARES,22.40 ,22.60 ,22.05 ,22.40 ,0.40 ,1.82 ,|390,625 |,25.95 ,17.25 ,0.37 ,1.67 ,38.01 ,12.00 
Argan,AGX,40.20 ,40.70 ,39.05 ,40.40 ,0.40 ,1.00 ,|202,347 |,72.13 ,36.30 ,1.00 ,2.48 ,8.84 ,-10.22 
Arista Networks,ANET,264.55 ,265.36 ,260.53 ,265.27 ,0.72 ,0.27 ,|614,156 |,311.67 ,135.21 ,... ,... ,49.68 ,12.60 
|
|
A,Symbol,Open,High,Low,Close,|Net
Chg|,%Chg,Vol,|52 Week
High|,|52 Week
Low|,Div,Yield,PE,|YTD
%Chg|
Arlington Asset Investment Cl A,AI,11.43 ,11.45 ,11.16 ,11.31 ,-0.13 ,-1.14 ,|528,826 |,15.03 ,9.90 ,2.20 ,19.45 ,19.50 ,-3.99 
Armada Hoffler Properties,AHH,13.36 ,13.85 ,13.31 ,13.82 ,0.25 ,1.84 ,|205,346 |,16.00 ,12.65 ,0.80 ,5.79 ,27.64 ,-11.01 
Armour Residential REIT,ARR,22.65 ,22.79 ,22.47 ,22.69 ,0.06 ,0.27 ,|225,379 |,27.60 ,21.40 ,2.28 ,10.05 ,5.94 ,-11.78 
Armstrong Flooring,AFI,12.21 ,12.46 ,12.03 ,12.29 ,-0.06 ,-0.49 ,|419,803 |,20.20 ,12.03 ,... ,... ,... dd ,-27.36 
Armstrong World Industries,AWI,56.65 ,57.38 ,56.25 ,57.10 ,1.10 ,1.96 ,|567,063 |,64.60 ,41.20 ,... ,... ,12.88 ,-5.70 
Arrow Electronics,ARW,74.54 ,75.80 ,72.37 ,75.80 ,1.06 ,1.42 ,|444,197 |,87.26 ,70.52 ,... ,... ,16.96 ,-5.73 
Arthur J. Gallagher,AJG,69.95 ,70.06 ,69.10 ,69.91 ,-0.08 ,-0.11 ,|911,782 |,72.77 ,54.50 ,1.64 ,2.35 ,27.52 ,10.48 
Artisan Partners Asset Management,APAM,32.00 ,32.25 ,31.45 ,32.05 ,-0.10 ,-0.31 ,|488,809 |,41.45 ,27.23 ,2.40 ,7.49 ,42.60 ,-18.86 
Asbury Automotive Group,ABG,66.90 ,68.85 ,65.70 ,68.50 ,1.45 ,2.16 ,|155,459 |,76.40 ,49.10 ,... ,... ,9.84 ,7.03 
ASGN,ASGN,80.45 ,81.20 ,79.39 ,80.96 ,0.33 ,0.41 ,|256,791 |,86.13 ,44.66 ,... ,... ,26.08 ,25.97 
Ashford Hospitality Trust,AHT,6.88 ,6.95 ,6.79 ,6.91 ,0.03 ,0.44 ,|335,453 |,7.20 ,5.42 ,0.48 ,6.95 ,... dd ,2.67 
Ashland Global Holdings,ASH,66.07 ,66.30 ,64.81 ,66.19 ,0.01 ,0.02 ,|1,178,761 |,77.16 ,58.99 ,0.90 ,1.36 ,... dd ,-7.04 
Aspen Aerogels,ASPN,4.46 ,4.51 ,4.38 ,4.49 ,-0.01 ,-0.22 ,|10,417 |,5.58 ,3.98 ,... ,... ,... dd ,-7.99 
Aspen Insurance Holdings,AHL,42.40 ,43.10 ,42.20 ,43.00 ,0.55 ,1.30 ,|909,529 |,52.55 ,34.80 ,0.96 ,2.23 ,... dd ,5.91 
Associated Banc-Corp.,ASB,26.35 ,26.65 ,25.93 ,26.50 ,0.05 ,0.19 ,|996,699 |,27.20 ,20.95 ,0.60 ,2.26 ,17.91 ,4.33 
Associated Capital Group Cl A,AC,36.20 ,37.00 ,35.55 ,36.75 ,0.60 ,1.66 ,|7,776 |,38.82 ,32.20 ,0.20 ,0.54 ,99.32 ,7.77 
Assurant,AIZ,92.35 ,92.38 ,91.20 ,91.84 ,-0.98 ,-1.06 ,|517,448 |,106.98 ,84.34 ,2.24 ,2.44 ,9.76 ,-8.93 
Assured Guaranty,AGO,36.31 ,36.65 ,36.13 ,36.52 ,0.23 ,0.63 ,|451,081 |,45.73 ,32.97 ,0.64 ,1.75 ,6.19 ,7.82 
AstraZeneca ADR,AZN,35.69 ,36.15 ,35.49 ,36.14 ,0.61 ,1.72 ,|6,400,620 |,36.75 ,28.43 ,1.90 ,5.26 ,30.17 ,4.15 
Atento,ATTO,7.50 ,7.60 ,7.45 ,7.55 ,0.05 ,0.67 ,|91,954 |,12.90 ,7.45 ,... ,... ,... dd ,-25.62 
Athene Holding,ATH,48.87 ,49.42 ,48.63 ,49.29 ,0.29 ,0.59 ,|806,691 |,55.22 ,45.15 ,... ,... ,6.77 ,-4.68 
At Home Group,HOME,35.11 ,35.59 ,34.24 ,35.49 ,0.30 ,0.85 ,|286,982 |,36.84 ,17.08 ,... ,... ,70.98 ,16.78 
Atkore International Group,ATKR,17.73 ,18.14 ,17.61 ,18.07 ,0.30 ,1.69 ,|467,688 |,26.46 ,15.05 ,... ,... ,12.82 ,-15.76 
Atlantic Power,AT,2.15 ,2.20 ,2.15 ,2.20 ,... ,... ,|289,496 |,2.60 ,1.80 ,0.09 ,4.11 ,... dd ,-6.38 
Atmos Energy,ATO,86.81 ,87.01 ,86.34 ,86.83 ,-0.06 ,-0.07 ,|467,477 |,93.56 ,76.46 ,1.94 ,2.23 ,16.03 ,1.09 
AT&T,T,32.75 ,32.91 ,32.36 ,32.54 ,-0.16 ,-0.49 ,|34,428,854 |,39.80 ,32.36 ,2.00 ,6.15 ,6.57 ,-16.31 
AU Optronics ADR,AUO,3.96 ,4.04 ,3.94 ,4.03 ,0.05 ,1.26 ,|1,773,828 |,5.35 ,3.62 ,0.18 ,4.58 ,3.72 ,-3.13 
Autohome ADR,ATHM,96.91 ,98.63 ,96.35 ,97.50 ,-0.05 ,-0.05 ,|553,603 |,100.66 ,33.39 ,... ,... ,38.90 ,50.77 
Autoliv,ALV,133.51 ,135.09 ,132.22 ,135.07 ,1.02 ,0.76 ,|1,172,950 |,153.84 ,97.75 ,2.48 ,1.84 ,28.86 ,6.29 
AutoNation,AN,45.22 ,47.09 ,42.95 ,46.52 ,0.33 ,0.71 ,|2,026,316 |,62.02 ,38.20 ,... ,... ,10.41 ,-9.37 
|
|
A,Symbol,Open,High,Low,Close,|Net
Chg|,%Chg,Vol,|52 Week
High|,|52 Week
Low|,Div,Yield,PE,|YTD
%Chg|
AutoZone,AZO,623.58 ,633.05 ,616.15 ,632.16 ,7.64 ,1.22 ,|293,202 |,797.89 ,491.13 ,... ,... ,13.42 ,-11.13 
Avalonbay Communities,AVB,163.15 ,164.97 ,162.37 ,164.55 ,1.55 ,0.95 ,|513,328 |,199.52 ,152.65 ,5.88 ,3.57 ,29.02 ,-7.77 
Avangrid,AGR,52.79 ,53.50 ,52.64 ,53.09 ,0.38 ,0.72 ,|483,066 |,53.50 ,43.13 ,1.73 ,3.25 ,42.47 ,4.96 
Avaya Holdings,AVYA,22.90 ,22.93 ,22.77 ,22.83 ,-0.06 ,-0.26 ,|304,427 |,23.76 ,15.63 ,... ,... ,... ,30.09 
Avery Dennison,AVY,104.60 ,105.60 ,103.99 ,105.47 ,0.66 ,0.63 ,|790,685 |,123.67 ,81.84 ,2.08 ,1.97 ,32.35 ,-8.18 
Avianca Holdings ADR,AVH,8.17 ,8.19 ,8.03 ,8.07 ,-0.10 ,-1.22 ,|28,838 |,9.76 ,6.37 ,0.10 ,1.26 ,17.84 ,0.50 
Avista,AVA,51.84 ,52.02 ,51.80 ,52.00 ,0.14 ,0.27 ,|263,466 |,52.83 ,39.80 ,1.49 ,2.87 ,29.05 ,0.99 
Avnet,AVT,39.08 ,39.38 ,38.72 ,39.33 ,0.10 ,0.25 ,|862,908 |,44.85 ,35.67 ,0.76 ,1.93 ,... dd ,-0.73 
Avon Products,AVP,2.54 ,2.59 ,2.52 ,2.59 ,0.06 ,2.37 ,|1,849,451 |,4.78 ,1.85 ,0.24 ,9.27 ,... dd ,20.47 
AVX,AVX,14.80 ,14.97 ,14.72 ,14.93 ,0.17 ,1.15 ,|261,028 |,20.22 ,14.51 ,0.46 ,3.08 ,373.25 ,-13.70 
Axalta Coating Systems,AXTA,30.94 ,31.73 ,30.84 ,31.65 ,0.75 ,2.43 ,|2,967,358 |,38.20 ,27.77 ,... ,... ,211.00 ,-2.19 
AXIS Capital Holdings,AXS,58.85 ,58.98 ,58.04 ,58.64 ,-0.06 ,-0.10 ,|1,036,040 |,66.52 ,47.43 ,1.56 ,2.66 ,... dd ,16.67 
Azul ADR,AZUL,31.05 ,31.05 ,30.28 ,30.79 ,-0.21 ,-0.68 ,|280,212 |,35.05 ,19.43 ,... ,... ,80.18 ,29.21 
Azure Power Global,AZRE,14.22 ,15.00 ,14.22 ,14.99 ,0.76 ,5.34 ,|3,592 |,18.10 ,12.53 ,... ,... ,... dd ,5.56 
AZZ,AZZ,44.35 ,44.90 ,43.75 ,44.85 ,0.30 ,0.67 ,|108,986 |,59.40 ,40.00 ,0.68 ,1.52 ,22.46 ,-12.23 
|
|
B,Symbol,Open,High,Low,Close,|Net
Chg|,%Chg,Vol,|52 Week
High|,|52 Week
Low|,Div,Yield,PE,|YTD
%Chg|
Babcock&Wilcox Enterprises,BW,2.26 ,2.45 ,2.23 ,2.40 ,0.12 ,5.26 ,|3,994,226 |,12.06 ,1.61 ,... ,... ,... dd ,-57.75 
Badger Meter,BMI,42.30 ,42.45 ,41.70 ,42.25 ,-0.20 ,-0.47 ,|170,869 |,52.10 ,37.45 ,0.52 ,1.23 ,37.06 ,-11.61 
Baker Hughes a GE,BHGE,35.81 ,36.13 ,35.37 ,35.64 ,-0.47 ,-1.30 ,|3,336,984 |,40.82 ,25.53 ,0.72 ,2.02 ,... dd ,12.64 
Ball,BLL,39.98 ,40.22 ,38.91 ,39.26 ,-0.83 ,-2.07 ,|2,590,840 |,43.24 ,35.60 ,0.40 ,1.02 ,35.05 ,3.73 
Banco Bilbao Vizcaya Argentaria ADR,BBVA,8.07 ,8.07 ,7.87 ,7.97 ,-0.09 ,-1.12 ,|3,077,894 |,9.54 ,7.63 ,0.74 ,9.27 ,13.37 ,-6.24 
Banco Bradesco Ord ADR,BBDO,9.05 ,9.05 ,8.90 ,9.00 ,-0.15 ,-1.64 ,|2,103 |,11.90 ,6.79 ,0.06 ,0.68 ,... ,6.80 
Banco de Chile ADR,BCH,97.80 ,99.17 ,97.80 ,98.37 ,0.37 ,0.38 ,|3,513 |,106.50 ,70.14 ,3.12 ,3.17 ,17.92 ,1.91 
Banc of California,BANC,19.05 ,19.25 ,18.65 ,18.80 ,-0.40 ,-2.08 ,|756,812 |,23.40 ,17.10 ,0.52 ,2.77 ,34.71 ,-8.96 
Banco Latinoamericano de Comercio Exterior Cl E,BLX,26.67 ,26.96 ,26.51 ,26.80 ,0.10 ,0.36 ,|86,602 |,30.50 ,25.51 ,1.54 ,5.75 ,14.49 ,-0.37 
BanColombia ADR,CIB,47.48 ,47.60 ,46.89 ,47.32 ,-0.34 ,-0.71 ,|103,715 |,51.38 ,36.38 ,1.46 ,3.08 ,12.93 ,19.31 
Banco Macro ADR,BMA,96.97 ,98.78 ,94.56 ,94.86 ,-2.06 ,-2.13 ,|175,238 |,136.10 ,82.68 ,0.75 ,0.79 ,11.07 ,-18.14 
BancorpSouth Bank,BXS,33.00 ,33.50 ,32.55 ,33.40 ,0.35 ,1.06 ,|470,884 |,35.55 ,27.20 ,0.56 ,1.68 ,18.66 ,6.20 
Banco Santander ADR,SAN,6.51 ,6.51 ,6.40 ,6.46 ,-0.06 ,-0.92 ,|3,627,740 |,7.57 ,6.29 ,0.29 ,4.54 ,12.92 ,-1.22 
Banco Santander Brasil ADR,BSBR,10.83 ,10.83 ,10.52 ,10.77 ,-0.07 ,-0.65 ,|959,723 |,12.11 ,6.86 ,... ,... ,... ,11.38 
Banco Santander-Chile ADR,BSAC,32.90 ,33.01 ,32.64 ,32.94 ,-0.09 ,-0.27 ,|257,034 |,35.09 ,23.41 ,1.48 ,4.49 ,18.91 ,5.34 
Banco Santander (Mexico) S.A. Institucion de Banca Multiple Grupo Financiero Santander Mexico ADR,BSMX,7.33 ,7.39 ,7.17 ,7.33 ,... ,... ,|865,797 |,10.82 ,6.67 ,... ,... ,10.30 ,0.27 
Bank of America,BAC,29.92 ,29.96 ,29.62 ,29.95 ,0.03 ,0.10 ,|51,033,212 |,33.05 ,22.07 ,0.48 ,1.60 ,16.92 ,1.46 
Bank of America Cl A WT,BAC%A,18.00 ,18.05 ,17.79 ,18.05 ,-0.01 ,-0.06 ,|97,940 |,21.30 ,9.95 ,... ,... ,... ,2.79 
Bank of America Cl B WT,BAC%B,1.68 ,1.68 ,1.56 ,1.60 ,-0.09 ,-5.33 ,|501,721 |,3.89 ,0.51 ,... ,... ,... ,-25.23 
Bank of Butterfield,NTB,47.28 ,48.29 ,46.93 ,48.24 ,0.79 ,1.66 ,|206,088 |,49.35 ,31.36 ,1.52 ,3.15 ,16.63 ,32.93 
Bank of Hawaii,BOH,84.13 ,84.93 ,83.25 ,84.69 ,0.48 ,0.57 ,|189,789 |,89.09 ,74.72 ,2.40 ,2.83 ,19.16 ,-1.18 
Bank of Montreal,BMO,75.76 ,76.14 ,75.26 ,75.98 ,0.05 ,0.07 ,|294,266 |,84.71 ,66.75 ,2.93 ,3.85 ,13.79 ,-5.05 
Bank of New York Mellon,BK,54.39 ,54.51 ,53.45 ,54.19 ,-0.32 ,-0.59 ,|4,296,380 |,58.99 ,46.05 ,0.96 ,1.77 ,13.53 ,0.61 
Bank of Nova Scotia,BNS,61.39 ,61.46 ,60.89 ,61.36 ,-0.10 ,-0.16 ,|820,182 |,66.78 ,53.86 ,2.58 ,4.21 ,11.68 ,-4.91 
BankUnited,BKU,39.59 ,40.30 ,39.15 ,40.26 ,0.65 ,1.64 ,|614,989 |,43.84 ,30.37 ,0.84 ,2.09 ,6.97 ,-1.13 
Barclays ADR,BCS,11.41 ,11.41 ,11.34 ,11.41 ,-0.13 ,-1.13 ,|2,394,389 |,12.55 ,9.29 ,0.22 ,1.97 ,... dd ,4.68 
Barnes Group,B,55.18 ,55.18 ,52.45 ,53.36 ,-2.17 ,-3.91 ,|337,456 |,72.87 ,52.45 ,0.56 ,1.05 ,48.95 ,-15.66 
Barnes&Noble,BKS,5.55 ,5.65 ,5.45 ,5.50 ,-0.05 ,-0.90 ,|446,977 |,8.70 ,4.10 ,0.60 ,10.91 ,... dd ,-17.91 
Barnes&Noble Education,BNED,7.13 ,7.16 ,6.90 ,7.08 ,-0.11 ,-1.53 ,|193,411 |,11.12 ,4.99 ,... ,... ,... dd ,-14.08 
Barrick Gold,ABX,13.44 ,13.45 ,13.26 ,13.44 ,-0.03 ,-0.22 ,|7,420,586 |,18.35 ,11.07 ,0.12 ,0.89 ,17.01 ,-7.12 
|
|
B,Symbol,Open,High,Low,Close,|Net
Chg|,%Chg,Vol,|52 Week
High|,|52 Week
Low|,Div,Yield,PE,|YTD
%Chg|
Basic Energy Services,BAS,16.07 ,16.08 ,15.24 ,15.94 ,-0.24 ,-1.48 ,|292,720 |,30.00 ,12.72 ,... ,... ,... dd ,-32.08 
Baxter International,BAX,69.48 ,70.43 ,69.27 ,70.15 ,0.65 ,0.94 ,|2,822,207 |,72.58 ,55.35 ,0.64 ,0.91 ,46.63 ,8.52 
Baytex Energy,BTE,4.44 ,4.58 ,4.39 ,4.52 ,0.05 ,1.12 ,|3,031,049 |,4.58 ,2.13 ,0.91 ,20.15 ,15.73 ,50.67 
BB&T,BBT,52.68 ,53.29 ,52.26 ,53.07 ,0.27 ,0.51 ,|2,722,454 |,56.31 ,41.17 ,1.50 ,2.83 ,16.48 ,6.74 
BBVA Banco Frances ADR,BFR,22.23 ,22.35 ,21.61 ,21.75 ,-0.50 ,-2.25 ,|128,673 |,27.45 ,14.55 ,0.23 ,1.06 ,18.55 ,-13.69 
BBX Capital Cl A,BBX,10.00 ,10.04 ,9.93 ,9.97 ,-0.01 ,-0.10 ,|236,894 |,10.16 ,5.87 ,0.04 ,0.40 ,12.62 ,25.09 
BCE,BCE,42.58 ,42.58 ,42.09 ,42.36 ,-0.09 ,-0.21 ,|642,253 |,49.06 ,41.57 ,2.43 ,5.74 ,17.67 ,-11.77 
Beazer Homes USA,BZH,14.58 ,15.26 ,14.53 ,15.25 ,0.57 ,3.88 ,|492,758 |,23.24 ,11.87 ,... ,... ,... dd ,-20.61 
Becton Dickinson,BDX,230.77 ,233.80 ,230.68 ,233.71 ,1.84 ,0.79 ,|967,717 |,248.39 ,177.64 ,3.00 ,1.28 ,178.40 ,9.18 
Belden,BDC,61.50 ,62.38 ,61.00 ,61.40 ,-0.20 ,-0.32 ,|984,449 |,87.14 ,61.00 ,0.20 ,0.33 ,44.82 ,-20.44 
Bellatrix Exploration,BXE,1.47 ,1.56 ,1.37 ,1.54 ,0.04 ,2.67 ,|181,779 |,3.88 ,0.99 ,... ,... ,... dd ,-10.47 
Belmond,BEL,10.65 ,10.70 ,10.30 ,10.40 ,-0.30 ,-2.80 ,|776,967 |,14.20 ,10.30 ,... ,... ,... dd ,-15.10 
Bemis,BMS,43.17 ,43.44 ,42.74 ,43.29 ,0.02 ,0.05 ,|463,312 |,49.84 ,40.60 ,1.24 ,2.86 ,44.09 ,-9.42 
Benchmark Electronics,BHE,26.20 ,26.75 ,25.75 ,26.70 ,0.40 ,1.52 ,|498,595 |,35.80 ,25.75 ,... ,... ,... dd ,-8.25 
Berkshire Hathaway Cl A,BRKA,291150.00 ,292730.00 ,289170.00 ,292730.00 ,2080.00 ,0.72 ,393 ,326350.00 ,242180.00 ,... ,... ,10.71 ,-1.64 
Berkshire Hathaway Cl B,BRKB,193.76 ,195.30 ,192.75 ,195.11 ,1.38 ,0.71 ,|3,230,855 |,217.62 ,160.93 ,... ,... ,10.71 ,-1.57 
Berkshire Hills Bancorp,BHLB,37.90 ,38.27 ,37.45 ,38.05 ,0.10 ,0.26 ,|138,935 |,40.10 ,32.85 ,0.88 ,2.31 ,24.19 ,3.96 
Berry Global Group,BERY,54.79 ,55.13 ,54.29 ,54.96 ,-0.04 ,-0.07 ,|1,180,452 |,61.71 ,49.91 ,... ,... ,16.46 ,-6.32 
BEST ADR,BSTI,11.24 ,12.05 ,11.22 ,12.01 ,0.86 ,7.71 ,|1,205,092 |,13.25 ,8.08 ,... ,... ,... dd ,33.74 
Best Buy,BBY,76.21 ,76.41 ,74.20 ,75.38 ,-1.15 ,-1.50 ,|3,552,497 |,78.59 ,50.29 ,1.80 ,2.39 ,23.00 ,10.09 
B&G Foods,BGS,22.75 ,23.20 ,22.40 ,23.00 ,0.25 ,1.10 ,|1,010,961 |,43.10 ,22.20 ,1.86 ,8.09 ,7.06 ,-34.57 
BHP Billiton ADR,BBL,41.90 ,41.92 ,41.16 ,41.64 ,-0.70 ,-1.65 ,|1,052,947 |,45.43 ,28.73 ,2.20 ,5.28 ,23.54 ,3.33 
BHP Billiton ADR,BHP,46.38 ,46.42 ,45.69 ,46.30 ,-0.45 ,-0.96 ,|1,563,994 |,50.79 ,33.37 ,2.20 ,4.75 ,26.17 ,0.67 
Biglari Holdings Cl A,BHA,1189.00 ,1285.00 ,1090.69 ,1175.52 ,27.42 ,2.39 ,771 ,... ,... ,... ,... ,... ,... 
Biglari Holdings Cl B,BH,235.00 ,265.00 ,227.95 ,242.69 ,7.69 ,3.27 ,|15,665 |,... ,... ,... ,... ,... ,-41.44 
Big Lots,BIG,42.52 ,42.98 ,41.86 ,42.21 ,-0.24 ,-0.57 ,|908,497 |,64.42 ,41.04 ,1.20 ,2.84 ,9.64 ,-24.83 
Biohaven Pharmaceutical Holding,BHVN,29.09 ,29.51 ,28.50 ,28.76 ,-0.40 ,-1.37 ,|349,668 |,39.51 ,16.50 ,... ,... ,... dd ,6.60 
Bio-Rad Laboratories Cl A,BIO,253.82 ,254.18 ,250.64 ,253.25 ,-0.46 ,-0.18 ,|89,565 |,279.59 ,208.95 ,... ,... ,66.47 ,6.11 
Bio-Rad Laboratories Cl B,BIOB,251.65 ,251.65 ,251.65 ,251.65 ,-10.00 ,-3.82 ,102 ,271.00 ,210.71 ,... ,... ,66.05 ,5.62 
Bitauto Holdings ADR,BITA,20.95 ,21.12 ,20.16 ,20.27 ,-0.90 ,-4.25 ,|859,747 |,54.42 ,18.47 ,... ,... ,... dd ,-36.26 
|
|
B,Symbol,Open,High,Low,Close,|Net
Chg|,%Chg,Vol,|52 Week
High|,|52 Week
Low|,Div,Yield,PE,|YTD
%Chg|
BlackBerry,BB,10.47 ,10.54 ,10.31 ,10.53 ,0.06 ,0.57 ,|2,096,533 |,14.55 ,8.47 ,... ,... ,11.84 ,-5.73 
Black Hills,BKH,56.76 ,56.86 ,56.54 ,56.80 ,0.12 ,0.21 ,|392,537 |,72.02 ,50.49 ,1.90 ,3.35 ,17.34 ,-5.51 
Black Hills Un,BKHU,61.30 ,61.30 ,61.30 ,61.30 ,-0.41 ,-0.66 ,|3,500 |,78.74 ,56.40 ,3.88 ,6.32 ,... ,-7.30 
Black Knight,BKI,48.35 ,49.20 ,47.95 ,48.90 ,0.25 ,0.51 ,|835,853 |,53.00 ,41.10 ,... ,... ,33.27 ,10.76 
BlackRock,BLK,517.97 ,521.11 ,512.20 ,517.97 ,-3.53 ,-0.68 ,|403,270 |,594.52 ,377.85 ,11.52 ,2.22 ,16.31 ,0.83 
Blackstone Group,BX,31.00 ,31.28 ,30.65 ,31.10 ,0.15 ,0.48 ,|5,734,144 |,37.52 ,29.03 ,1.40 ,4.50 ,15.40 ,-2.87 
Black Stone Minerals,BSM,17.75 ,17.76 ,17.38 ,17.60 ,-0.16 ,-0.90 ,|60,352 |,19.03 ,15.12 ,1.25 ,7.10 ,22.47 ,-1.90 
Blackstone Mortgage Trust Cl A,BXMT,30.85 ,30.90 ,30.68 ,30.87 ,0.02 ,0.06 ,|500,078 |,33.08 ,29.51 ,2.48 ,8.03 ,13.48 ,-4.07 
Blue Apron Holdings Cl A,APRN,2.11 ,2.12 ,2.08 ,2.10 ,0.01 ,0.48 ,|1,437,117 |,11.00 ,1.72 ,... ,... ,... dd ,-47.89 
Blue Capital Reinsurance Holdings,BCRH,11.40 ,11.45 ,11.15 ,11.20 ,-0.40 ,-3.45 ,|24,901 |,20.20 ,11.00 ,1.20 ,10.71 ,... ,-7.05 
Bluegreen Vacations,BXG,22.90 ,23.09 ,22.52 ,22.59 ,-0.68 ,-2.92 ,|50,691 |,24.55 ,12.50 ,0.60 ,2.66 ,... ,23.71 
BlueLinx Holdings,BXC,40.26 ,40.39 ,38.10 ,40.18 ,-0.04 ,-0.10 ,|173,126 |,41.85 ,7.57 ,... ,... ,5.92 ,311.68 
Boardwalk Pipeline Partners,BWP,11.29 ,11.40 ,10.89 ,10.94 ,-0.43 ,-3.78 ,|5,127,183 |,18.77 ,9.85 ,0.40 ,3.66 ,9.41 ,-15.26 
Boeing,BA,332.50 ,333.91 ,324.18 ,329.54 ,-4.02 ,-1.21 ,|4,044,524 |,371.60 ,175.47 ,6.84 ,2.08 ,21.58 ,11.74 
Boise Cascade,BCC,41.60 ,41.60 ,40.00 ,41.50 ,-0.10 ,-0.24 ,|446,131 |,45.95 ,26.25 ,0.28 ,0.67 ,19.48 ,4.01 
Bonanza Creek Energy,BCEI,30.34 ,30.79 ,30.00 ,30.58 ,0.25 ,0.82 ,|106,632 |,40.49 ,23.33 ,... ,... ,... dd ,10.84 
Boot Barn Holdings,BOOT,19.46 ,19.54 ,18.81 ,19.20 ,-0.37 ,-1.89 ,|271,676 |,20.58 ,5.90 ,... ,... ,21.33 ,15.59 
Booz Allen Hamilton Holding,BAH,39.52 ,39.53 ,38.97 ,39.44 ,-0.19 ,-0.48 ,|572,898 |,41.13 ,31.06 ,0.76 ,1.93 ,20.65 ,3.44 
BorgWarner,BWA,48.92 ,49.43 ,47.88 ,48.54 ,-0.40 ,-0.82 ,|3,085,652 |,58.22 ,39.80 ,0.68 ,1.40 ,21.57 ,-4.99 
Boston Beer Cl A,SAM,224.15 ,225.75 ,221.20 ,225.00 ,0.85 ,0.38 ,|123,221 |,237.00 ,128.70 ,... ,... ,26.47 ,17.74 
Boston Properties,BXP,121.70 ,122.96 ,120.86 ,122.67 ,1.26 ,1.04 ,|659,474 |,132.00 ,111.57 ,3.20 ,2.61 ,35.66 ,-5.66 
Boston Scientific,BSX,28.74 ,29.48 ,28.71 ,29.48 ,0.76 ,2.65 ,|9,515,796 |,29.93 ,24.54 ,... ,... ,421.14 ,18.92 
Box Cl A,BOX,22.83 ,23.31 ,22.70 ,23.28 ,0.42 ,1.84 ,|2,818,033 |,24.50 ,16.76 ,... ,... ,... dd ,10.23 
Boyd Gaming,BYD,33.85 ,34.18 ,33.44 ,34.04 ,0.83 ,2.50 ,|1,439,185 |,40.44 ,22.43 ,0.20 ,0.59 ,20.14 ,-2.88 
BP ADR,BP,44.97 ,45.10 ,44.55 ,44.80 ,0.21 ,0.47 ,|7,359,681 |,45.10 ,33.90 ,2.40 ,5.36 ,43.22 ,6.59 
BP Midstream Partners,BPMP,18.90 ,19.61 ,18.51 ,19.37 ,0.40 ,2.11 ,|166,478 |,23.00 ,16.83 ,1.07 ,5.52 ,34.99 ,-5.83 
BP Prudhoe Bay Royalty Trust,BPT,23.35 ,23.40 ,22.90 ,23.20 ,-0.05 ,-0.22 ,|132,396 |,27.95 ,18.55 ,5.10 ,21.98 ,6.45 ,15.42 
Brady Cl A,BRC,36.30 ,36.70 ,36.05 ,36.50 ,0.10 ,0.27 ,|193,185 |,40.25 ,31.70 ,0.83 ,2.27 ,24.57 ,-3.69 
Braemar Hotels&Resorts,BHR,10.38 ,10.54 ,10.20 ,10.43 ,0.03 ,0.29 ,|125,569 |,11.34 ,8.44 ,... ,... ,25.30 ,7.19 
Brandywine Realty Trust,BDN,16.11 ,16.28 ,16.07 ,16.21 ,0.10 ,0.62 ,|1,010,283 |,18.69 ,15.21 ,0.72 ,4.44 ,20.52 ,-10.89 
|
|
B,Symbol,Open,High,Low,Close,|Net
Chg|,%Chg,Vol,|52 Week
High|,|52 Week
Low|,Div,Yield,PE,|YTD
%Chg|
BrasilAgro-Companhia Brasileira de Propriedades Agricolas ADR,LND,3.89 ,3.89 ,3.70 ,3.70 ,-0.10 ,-2.63 ,250 ,4.55 ,3.21 ,... ,... ,11.73 ,5.62 
Braskem ADR,BAK,25.90 ,25.91 ,25.16 ,25.55 ,-0.35 ,-1.35 ,|230,265 |,33.73 ,17.44 ,0.75 ,2.95 ,... ,-2.70 
BRF ADR,BRFS,7.30 ,7.30 ,7.03 ,7.23 ,0.10 ,1.40 ,|2,146,431 |,15.50 ,5.95 ,... ,... ,... dd ,-35.79 
Bridgepoint Education,BPI,5.83 ,5.83 ,5.49 ,5.60 ,-0.24 ,-4.11 ,|146,904 |,15.85 ,5.49 ,... ,... ,23.21 ,-32.53 
Briggs&Stratton,BGG,17.95 ,17.95 ,17.11 ,17.49 ,-0.54 ,-3.00 ,|666,414 |,27.34 ,17.11 ,0.56 ,3.20 ,32.72 ,-31.06 
Bright Horizons Family Solutions,BFAM,93.00 ,95.53 ,91.29 ,95.03 ,0.15 ,0.16 ,|702,929 |,105.04 ,75.40 ,... ,... ,37.35 ,1.10 
Bright Scholar Education Holdings ADR,BEDU,13.92 ,14.55 ,13.72 ,14.44 ,0.45 ,3.22 ,|85,567 |,28.18 ,10.55 ,... ,... ,51.17 ,-22.66 
BrightSphere Investment Group,BSIG,15.20 ,15.20 ,14.95 ,15.06 ,-0.11 ,-0.73 ,|286,784 |,18.62 ,13.20 ,0.36 ,2.39 ,... ,-10.09 
Brinker International,EAT,43.38 ,46.42 ,42.00 ,44.87 ,1.28 ,2.94 ,|2,987,737 |,46.42 ,29.50 ,1.52 ,3.39 ,17.13 ,15.53 
Brink's,BCO,73.40 ,75.63 ,73.26 ,75.05 ,1.25 ,1.69 ,|382,061 |,88.10 ,57.95 ,0.60 ,0.80 ,1250.83 ,-4.64 
Bristol-Myers Squibb,BMY,51.98 ,52.73 ,51.62 ,52.69 ,0.56 ,1.07 ,|9,633,183 |,70.05 ,50.56 ,1.60 ,3.04 ,94.09 ,-14.02 
Bristow Group,BRS,16.00 ,16.04 ,15.60 ,15.98 ,-0.07 ,-0.44 ,|310,693 |,17.35 ,6.21 ,0.28 ,1.75 ,... dd ,18.63 
British American Tobacco ADR,BTI,52.99 ,53.32 ,52.79 ,52.95 ,-1.67 ,-3.06 ,|2,313,696 |,73.41 ,50.82 ,2.72 ,5.13 ,1.10 ,-20.96 
Brixmor Property Group,BRX,14.66 ,14.91 ,14.58 ,14.84 ,-0.05 ,-0.34 ,|4,723,729 |,21.21 ,13.74 ,1.10 ,7.41 ,15.62 ,-20.47 
Broadridge Financial Solutions,BR,107.20 ,108.28 ,106.62 ,108.01 ,0.80 ,0.75 ,|682,487 |,112.59 ,68.16 ,1.46 ,1.35 ,34.40 ,19.24 
Brookdale Senior Living,BKD,7.26 ,7.48 ,7.14 ,7.33 ,0.09 ,1.24 ,|3,101,925 |,15.66 ,6.28 ,... ,... ,... dd ,-24.43 
Brookfield Asset Management Cl A,BAM,39.50 ,39.68 ,39.01 ,39.28 ,-0.36 ,-0.91 ,|691,194 |,44.33 ,36.32 ,0.60 ,1.53 ,29.53 ,-9.78 
Brookfield Business Partners,BBU,34.93 ,35.09 ,34.68 ,35.07 ,-0.16 ,-0.45 ,|35,464 |,41.42 ,25.79 ,0.25 ,0.71 ,2041.36 ,1.59 
Brookfield Infrastructure Partners,BIP,40.56 ,40.78 ,40.50 ,40.53 ,-0.33 ,-0.81 ,|156,215 |,46.88 ,37.54 ,1.88 ,4.64 ,... dd ,-9.55 
Brookfield Renewable Partners,BEP,30.54 ,30.54 ,30.15 ,30.37 ,0.04 ,0.13 ,|52,203 |,36.00 ,29.74 ,1.96 ,6.45 ,... dd ,-13.00 
Brown&Brown,BRO,27.17 ,27.26 ,26.71 ,27.22 ,-0.01 ,-0.04 ,|1,219,256 |,27.90 ,20.84 ,0.30 ,1.10 ,18.45 ,5.79 
Brown-Forman Cl A,BFA,53.55 ,53.59 ,52.39 ,52.83 ,-0.54 ,-1.01 ,|37,266 |,56.10 ,35.44 ,0.63 ,1.20 ,27.16 ,5.69 
Brown-Forman Cl B,BFB,55.80 ,55.80 ,54.88 ,55.49 ,-0.55 ,-0.98 ,|520,255 |,56.81 ,37.71 ,0.63 ,1.14 ,35.66 ,1.01 
BRT Apartments,BRT,12.09 ,12.09 ,11.81 ,12.03 ,-0.06 ,-0.50 ,|31,509 |,13.99 ,7.36 ,0.80 ,6.65 ,41.11 ,2.04 
Brunswick,BC,59.94 ,60.56 ,59.55 ,60.51 ,0.63 ,1.05 ,|775,483 |,64.45 ,48.04 ,0.76 ,1.26 ,35.59 ,9.58 
BT Group ADR,BT,16.95 ,16.97 ,16.77 ,16.87 ,-0.38 ,-2.20 ,|695,422 |,21.16 ,15.41 ,0.68 ,4.02 ,15.31 ,-7.41 
Buckeye Partners,BPL,41.55 ,42.35 ,41.34 ,41.89 ,0.34 ,0.82 ,|529,772 |,69.25 ,35.24 ,5.05 ,12.06 ,12.62 ,-15.46 
Buckle,BKE,23.05 ,23.25 ,22.30 ,22.70 ,-0.35 ,-1.52 ,|352,821 |,25.11 ,13.50 ,1.00 ,4.41 ,12.20 ,-4.42 
Build-A-Bear Workshop,BBW,9.10 ,9.10 ,8.80 ,9.05 ,-0.05 ,-0.55 ,|66,899 |,11.90 ,7.25 ,... ,... ,18.47 ,-1.63 
Bunge,BG,72.48 ,72.71 ,71.30 ,71.64 ,-0.59 ,-0.82 ,|1,621,479 |,83.75 ,63.87 ,1.84 ,2.57 ,80.84 ,6.80 
|
|
B,Symbol,Open,High,Low,Close,|Net
Chg|,%Chg,Vol,|52 Week
High|,|52 Week
Low|,Div,Yield,PE,|YTD
%Chg|
Burlington Stores,BURL,135.10 ,135.96 ,133.60 ,135.37 ,-0.48 ,-0.35 ,|484,714 |,140.34 ,79.07 ,... ,... ,24.57 ,10.03 
BWX Technologies,BWXT,67.64 ,67.97 ,65.55 ,66.94 ,-0.86 ,-1.27 ,|498,043 |,72.18 ,45.79 ,0.64 ,0.96 ,45.85 ,10.66 
Byline Bancorp,BY,21.15 ,21.56 ,21.15 ,21.53 ,0.28 ,1.32 ,|26,023 |,24.80 ,19.02 ,... ,... ,65.24 ,-6.27 
|
|
C,Symbol,Open,High,Low,Close,|Net
Chg|,%Chg,Vol,|52 Week
High|,|52 Week
Low|,Div,Yield,PE,|YTD
%Chg|
Cable One,CABO,635.64 ,639.42 ,630.10 ,632.88 ,-2.24 ,-0.35 ,|64,466 |,788.00 ,627.25 ,7.00 ,1.11 ,15.38 ,-10.02 
Cabot,CBT,55.58 ,55.64 ,54.70 ,55.33 ,-0.53 ,-0.95 ,|440,425 |,68.63 ,50.21 ,1.26 ,2.28 ,55.49 ,-10.16 
Cabot Oil&Gas,COG,23.83 ,24.18 ,23.77 ,23.97 ,0.06 ,0.25 ,|5,467,186 |,29.57 ,21.40 ,0.24 ,1.00 ,99.88 ,-16.19 
CACI International Cl A,CACI,150.20 ,150.55 ,148.10 ,150.00 ,-1.05 ,-0.70 ,|95,335 |,160.40 ,115.10 ,... ,... ,14.02 ,13.34 
Cactus Cl A,WHD,28.57 ,28.81 ,27.23 ,28.64 ,-0.07 ,-0.24 ,|179,900 |,29.96 ,19.18 ,... ,... ,15.01 ,... 
Cadence Bancorp,CADE,29.26 ,29.95 ,28.86 ,29.88 ,0.65 ,2.22 ,|367,565 |,30.50 ,20.00 ,0.50 ,1.67 ,21.81 ,10.18 
CAE,CAE,18.91 ,18.91 ,18.71 ,18.81 ,-0.14 ,-0.74 ,|176,353 |,19.95 ,15.27 ,0.29 ,1.52 ,20.78 ,1.35 
CAI International,CAI,22.40 ,23.33 ,22.24 ,23.28 ,0.80 ,3.56 ,|288,925 |,40.11 ,17.68 ,... ,... ,5.56 ,-17.80 
Caleres,CAL,32.60 ,32.70 ,31.48 ,32.43 ,-0.30 ,-0.92 ,|395,570 |,36.00 ,22.39 ,0.28 ,0.86 ,15.98 ,-3.14 
California Resources,CRC,25.25 ,25.50 ,24.00 ,24.46 ,-0.99 ,-3.89 ,|1,923,052 |,26.64 ,6.47 ,... ,... ,... dd ,25.82 
California Water Service Group,CWT,38.65 ,39.70 ,38.65 ,39.65 ,0.90 ,2.32 ,|373,574 |,46.15 ,32.75 ,0.75 ,1.89 ,29.93 ,-12.57 
Calix,CALX,6.60 ,6.70 ,6.50 ,6.60 ,-0.05 ,-0.75 ,|225,651 |,7.38 ,4.65 ,... ,... ,... dd ,10.92 
Callaway Golf,ELY,17.00 ,17.30 ,16.95 ,17.23 ,-0.03 ,-0.17 ,|1,266,772 |,18.45 ,11.84 ,0.04 ,0.23 ,21.27 ,23.69 
Callon Petroleum,CPE,13.86 ,13.89 ,13.46 ,13.70 ,-0.21 ,-1.51 ,|4,005,116 |,14.44 ,9.34 ,... ,... ,24.46 ,12.76 
Cambrex,CBM,52.95 ,54.42 ,52.85 ,54.25 ,1.30 ,2.46 ,|200,814 |,62.95 ,42.55 ,... ,... ,17.67 ,13.02 
Camden Property Trust,CPT,85.46 ,86.52 ,85.10 ,86.24 ,0.84 ,0.98 ,|456,072 |,96.39 ,78.19 ,3.08 ,3.57 ,40.99 ,-6.32 
Cameco,CCJ,10.54 ,11.26 ,10.50 ,11.15 ,0.62 ,5.89 ,|5,446,279 |,11.26 ,7.68 ,0.32 ,2.84 ,... dd ,20.80 
Campbell Soup,CPB,40.64 ,40.95 ,40.40 ,40.95 ,0.17 ,0.42 ,|1,569,606 |,59.14 ,39.79 ,1.40 ,3.42 ,11.77 ,-14.88 
Camping World Holdings Cl A,CWH,28.48 ,29.13 ,28.16 ,28.86 ,0.23 ,0.80 ,|1,952,877 |,47.62 ,25.51 ,0.32 ,1.11 ,2886.00 ,-35.48 
Canada Goose Holdings,GOOS,36.76 ,36.97 ,35.78 ,36.80 ,-0.28 ,-0.76 ,|314,088 |,38.25 ,15.98 ,... ,... ,80.67 ,16.60 
Canadian Imperial Bank of Commerce,CM,86.94 ,87.25 ,86.46 ,87.15 ,0.10 ,0.11 ,|321,833 |,100.01 ,77.20 ,4.24 ,4.86 ,10.48 ,-10.53 
Canadian National Railway,CNI,76.46 ,76.63 ,75.61 ,76.22 ,-1.06 ,-1.37 ,|1,543,700 |,85.73 ,70.59 ,1.44 ,1.89 ,21.59 ,-7.61 
Canadian Natural Resources,CNQ,35.78 ,36.13 ,35.52 ,35.81 ,-0.27 ,-0.75 ,|1,119,016 |,37.63 ,27.52 ,1.06 ,2.96 ,23.01 ,0.25 
Canadian Pacific Railway,CP,181.73 ,182.27 ,178.55 ,178.95 ,-3.49 ,-1.91 ,|684,644 |,188.80 ,150.91 ,1.79 ,1.00 ,14.37 ,-2.08 
Cannae Holdings,CNNE,20.66 ,20.83 ,20.09 ,20.64 ,-0.02 ,-0.10 ,|480,119 |,20.97 ,16.16 ,... ,... ,... dd ,21.20 
Canon ADR,CAJ,34.33 ,34.42 ,34.24 ,34.40 ,0.09 ,0.26 ,|268,715 |,40.67 ,32.20 ,1.41 ,4.11 ,17.29 ,-8.02 
Cantel Medical,CMD,111.97 ,113.14 ,111.09 ,112.68 ,0.61 ,0.54 ,|169,741 |,123.60 ,69.21 ,0.17 ,0.15 ,52.17 ,9.54 
Capital One Financial,COF,90.35 ,90.54 ,88.80 ,89.67 ,-0.95 ,-1.05 ,|3,771,302 |,106.50 ,76.05 ,1.60 ,1.78 ,19.79 ,-9.95 
Capital One Financia Wt,COF%,47.60 ,47.60 ,47.60 ,47.60 ,-2.68 ,-5.33 ,750 ,63.91 ,35.50 ,... ,... ,... ,-17.90 
Capital Senior Living,CSU,11.73 ,11.80 ,11.50 ,11.73 ,-0.02 ,-0.17 ,|190,236 |,16.72 ,10.27 ,... ,... ,... dd ,-13.05 
|
|
C,Symbol,Open,High,Low,Close,|Net
Chg|,%Chg,Vol,|52 Week
High|,|52 Week
Low|,Div,Yield,PE,|YTD
%Chg|
Capitol Investment IV,CICU,10.20 ,10.20 ,10.19 ,10.19 ,-0.01 ,-0.06 ,|1,729 |,10.27 ,9.98 ,... ,... ,... ,1.84 
Capitol Investment IV WT,CIC%,1.25 ,1.25 ,1.24 ,1.24 ,-0.01 ,-0.48 ,|1,400 |,1.30 ,1.00 ,... ,... ,... ,13.09 
Capstead Mortgage,CMO,8.80 ,8.82 ,8.73 ,8.77 ,-0.03 ,-0.34 ,|374,723 |,11.24 ,8.17 ,0.64 ,7.30 ,14.15 ,1.39 
CARBO Ceramics,CRR,8.74 ,8.92 ,8.28 ,8.62 ,-0.22 ,-2.49 ,|414,734 |,12.69 ,5.83 ,... ,... ,... dd ,-15.32 
Cardinal Health,CAH,63.67 ,64.09 ,62.70 ,63.60 ,-0.57 ,-0.89 ,|1,764,622 |,80.37 ,54.66 ,1.85 ,2.91 ,11.06 ,3.80 
Care.com,CRCM,15.56 ,15.68 ,15.14 ,15.41 ,-0.19 ,-1.22 ,|153,854 |,20.88 ,11.73 ,... ,... ,70.05 ,-14.58 
Carlisle,CSL,107.33 ,107.79 ,105.70 ,107.32 ,-0.41 ,-0.38 ,|587,357 |,119.21 ,92.09 ,1.48 ,1.38 ,21.48 ,-5.57 
CarMax,KMX,62.24 ,63.54 ,62.16 ,63.54 ,1.04 ,1.66 ,|1,232,534 |,77.64 ,56.53 ,... ,... ,17.70 ,-0.92 
Carnival,CCL,63.24 ,64.14 ,62.91 ,64.11 ,1.05 ,1.67 ,|4,339,722 |,72.70 ,59.68 ,2.00 ,3.12 ,17.56 ,-3.41 
Carnival ADR,CUK,64.65 ,65.31 ,64.19 ,65.27 ,0.62 ,0.96 ,|407,827 |,72.29 ,59.92 ,2.00 ,3.06 ,17.88 ,-1.52 
Carpenter Technology,CRS,52.83 ,53.51 ,51.96 ,53.39 ,0.13 ,0.24 ,|462,078 |,55.28 ,34.95 ,0.72 ,1.35 ,14.91 ,4.71 
Carriage Services,CSV,26.01 ,26.32 ,25.45 ,26.27 ,0.24 ,0.92 ,|163,704 |,28.96 ,23.15 ,0.30 ,1.14 ,11.70 ,2.18 
Cars.com,CARS,28.33 ,28.61 ,28.05 ,28.27 ,-0.21 ,-0.74 ,|395,133 |,32.28 ,19.90 ,... ,... ,9.04 ,-1.98 
Carters,CRI,99.77 ,100.91 ,98.82 ,100.28 ,-0.04 ,-0.04 ,|881,251 |,129.00 ,79.76 ,1.80 ,1.79 ,16.12 ,-14.65 
Carvana Cl A,CVNA,26.28 ,27.25 ,25.72 ,26.99 ,0.78 ,2.98 ,|557,185 |,31.35 ,8.14 ,... ,... ,... dd ,41.16 
Castlight Health Cl B,CSLT,3.75 ,4.00 ,3.70 ,3.85 ,0.10 ,2.67 ,|440,287 |,4.75 ,3.15 ,... ,... ,... dd ,2.67 
Catalent,CTLT,40.70 ,41.74 ,38.33 ,41.40 ,0.29 ,0.71 ,|1,824,041 |,47.87 ,28.76 ,... ,... ,72.63 ,0.78 
CatchMark Timber Trust,CTT,13.29 ,13.29 ,13.05 ,13.23 ,0.19 ,1.46 ,|299,462 |,13.73 ,10.81 ,0.54 ,4.08 ,... dd ,0.76 
Caterpillar,CAT,143.08 ,144.43 ,140.30 ,144.42 ,0.06 ,0.04 ,|4,913,672 |,173.24 ,97.74 ,3.12 ,2.16 ,39.30 ,-8.35 
Cato Cl A,CATO,16.10 ,16.28 ,15.87 ,16.25 ,0.04 ,0.25 ,|277,363 |,23.30 ,10.76 ,1.32 ,8.12 ,50.89 ,2.07 
CBIZ Inc,CBZ,18.55 ,18.90 ,18.45 ,18.85 ,0.25 ,1.34 ,|383,651 |,19.65 ,14.05 ,... ,... ,17.19 ,22.01 
CBL&Associates Properties,CBL,4.20 ,4.27 ,4.12 ,4.25 ,0.07 ,1.67 ,|3,080,620 |,9.73 ,3.80 ,0.80 ,18.82 ,... dd ,-24.91 
CBRE Group,CBRE,45.25 ,45.82 ,45.18 ,45.80 ,0.49 ,1.08 ,|2,224,819 |,48.44 ,32.53 ,... ,... ,22.56 ,5.75 
CBS Cl A,CBSA,49.72 ,49.76 ,48.75 ,49.76 ,0.27 ,0.55 ,|3,350 |,68.86 ,48.75 ,0.72 ,1.45 ,44.26 ,-16.76 
CBS Cl B,CBS,49.14 ,49.64 ,48.53 ,49.61 ,0.41 ,0.83 ,|2,238,081 |,68.75 ,48.53 ,0.72 ,1.45 ,44.13 ,-15.92 
Cedar Fair Dep Rec,FUN,67.65 ,67.82 ,66.45 ,66.83 ,-0.91 ,-1.34 ,|153,522 |,72.55 ,59.66 ,3.56 ,5.33 ,17.68 ,2.83 
Cedar Realty Trust,CDR,3.88 ,3.93 ,3.83 ,3.88 ,-0.01 ,-0.26 ,|198,099 |,6.29 ,3.54 ,0.20 ,5.15 ,67.01 ,-36.18 
Celanese Series A,CE,107.95 ,108.50 ,103.28 ,105.42 ,-3.25 ,-2.99 ,|1,543,335 |,114.00 ,83.34 ,2.16 ,2.05 ,14.13 ,-1.55 
Celestica,CLS,11.39 ,11.56 ,11.37 ,11.50 ,... ,... ,|768,040 |,14.32 ,9.79 ,... ,... ,17.16 ,9.73 
Cellcom Israel,CEL,6.55 ,6.60 ,6.40 ,6.50 ,-0.30 ,-4.41 ,|4,890 |,10.66 ,6.40 ,0.96 ,14.79 ,5.86 ,-36.27 
|
|
C,Symbol,Open,High,Low,Close,|Net
Chg|,%Chg,Vol,|52 Week
High|,|52 Week
Low|,Div,Yield,PE,|YTD
%Chg|
Cementos Pacasmayo ADR,CPAC,12.41 ,13.13 ,12.41 ,13.05 ,0.25 ,1.95 ,|1,778 |,14.11 ,10.02 ,0.54 ,4.14 ,35.79 ,5.24 
Cemex ADR,CX,6.19 ,6.25 ,5.96 ,6.07 ,-0.14 ,-2.25 ,|8,450,370 |,10.37 ,5.96 ,... ,... ,18.32 ,-19.07 
Cenovus Energy,CVE,9.99 ,10.12 ,9.90 ,10.06 ,0.03 ,0.30 ,|2,640,430 |,11.52 ,6.76 ,0.16 ,1.55 ,10.75 ,10.19 
Centene,CNC,108.76 ,109.26 ,107.05 ,108.77 ,0.19 ,0.17 ,|1,502,406 |,113.88 ,72.14 ,... ,... ,18.72 ,7.82 
CenterPoint Energy,CNP,25.26 ,25.47 ,25.26 ,25.44 ,0.11 ,0.43 ,|5,180,080 |,30.45 ,24.81 ,1.11 ,4.36 ,6.17 ,-10.30 
Centrais Eletricas Brasileiras ADR,EBR,5.43 ,5.47 ,5.33 ,5.44 ,-0.07 ,-1.27 ,|164,529 |,7.86 ,3.49 ,... ,... ,... dd ,-4.56 
Central Pacific Financial,CPF,29.00 ,29.47 ,28.86 ,29.41 ,0.33 ,1.13 ,|235,161 |,33.15 ,27.34 ,0.84 ,2.86 ,21.01 ,-1.41 
Central Puerto ADR,CEPU,15.40 ,15.95 ,15.11 ,15.49 ,0.02 ,0.13 ,|104,047 |,19.20 ,14.65 ,... ,... ,15.58 ,... 
Century Communities,CCS,30.65 ,31.35 ,30.45 ,31.15 ,0.40 ,1.30 ,|136,259 |,36.00 ,21.90 ,... ,... ,15.34 ,0.16 
CenturyLink,CTL,18.55 ,18.75 ,18.24 ,18.49 ,-0.09 ,-0.48 ,|8,884,269 |,27.61 ,13.16 ,2.16 ,11.68 ,10.51 ,10.85 
Ceridian HCM Holding,CDAY,31.42 ,32.40 ,31.26 ,31.48 ,-0.10 ,-0.32 ,|858,586 |,32.40 ,28.65 ,... ,... ,... dd ,... 
CF Industries Holdings,CF,38.52 ,38.73 ,38.13 ,38.67 ,-0.13 ,-0.34 ,|2,134,245 |,45.00 ,25.04 ,1.20 ,3.10 ,25.34 ,-9.10 
CGG ADR,CGG,2.45 ,2.46 ,2.34 ,2.40 ,-0.04 ,-1.45 ,|39,718 |,7.15 ,1.54 ,... ,... ,... dd ,13.77 
CGI Group Cl A,GIB,57.88 ,58.12 ,57.68 ,57.88 ,-0.02 ,-0.03 ,|220,161 |,59.89 ,47.25 ,... ,... ,21.49 ,6.53 
ChannelAdvisor,ECOM,13.15 ,13.50 ,13.10 ,13.45 ,0.15 ,1.13 ,|56,747 |,13.50 ,8.30 ,... ,... ,... dd ,49.44 
Charles River Laboratories International,CRL,103.81 ,105.43 ,103.44 ,104.99 ,0.80 ,0.77 ,|213,696 |,119.05 ,86.97 ,... ,... ,41.33 ,-4.07 
Charles Schwab,SCHW,55.52 ,55.61 ,54.93 ,55.61 ,-0.07 ,-0.13 ,|4,533,080 |,58.11 ,37.63 ,0.40 ,0.72 ,31.42 ,8.25 
Chatham Lodging Trust,CLDT,19.25 ,19.35 ,18.14 ,18.86 ,-0.19 ,-1.00 ,|665,006 |,23.91 ,17.90 ,1.32 ,7.00 ,25.84 ,-17.14 
Cheetah Mobile ADR,CMCM,13.39 ,13.49 ,12.58 ,12.85 ,-0.56 ,-4.18 ,|920,877 |,18.18 ,7.54 ,... ,... ,34.44 ,6.37 
Chegg,CHGG,22.69 ,22.75 ,21.38 ,22.07 ,-1.14 ,-4.91 ,|2,123,538 |,23.90 ,9.85 ,... ,... ,... dd ,35.23 
Chemed,CHE,308.42 ,310.69 ,304.30 ,309.97 ,1.75 ,0.57 ,|93,084 |,313.25 ,186.09 ,1.12 ,0.36 ,46.33 ,27.55 
Chemours,CC,48.23 ,48.68 ,46.91 ,48.25 ,-0.16 ,-0.33 ,|1,860,840 |,58.08 ,34.84 ,0.68 ,1.41 ,12.20 ,-3.62 
Cherry Hill Mortgage Investment,CHMI,17.60 ,17.72 ,17.47 ,17.66 ,0.04 ,0.23 ,|41,617 |,19.43 ,16.01 ,1.96 ,11.10 ,3.73 ,-1.83 
Chesapeake Energy,CHK,2.96 ,3.00 ,2.90 ,2.98 ,0.01 ,0.34 ,|35,240,961 |,5.87 ,2.53 ,... ,... ,3.76 ,-24.75 
Chesapeake Granite Wash Trust,CHKR,1.61 ,1.70 ,1.60 ,1.65 ,-0.05 ,-2.94 ,|118,365 |,2.85 ,1.20 ,0.31 ,19.08 ,5.80 ,-10.81 
Chesapeake Lodging Trust,CHSP,29.50 ,30.09 ,29.24 ,29.98 ,0.44 ,1.49 ,|381,135 |,30.09 ,22.55 ,1.60 ,5.34 ,25.33 ,10.67 
Chesapeake Utilities,CPK,75.90 ,75.90 ,75.25 ,75.70 ,-0.30 ,-0.39 ,|45,398 |,86.35 ,66.35 ,1.30 ,1.72 ,21.32 ,-3.63 
Chevron,CVX,124.03 ,124.92 ,123.08 ,124.86 ,-0.25 ,-0.20 ,|6,426,609 |,133.88 ,102.55 ,4.48 ,3.59 ,23.42 ,-0.26 
Chicago Bridge&Iron,CBI,15.28 ,16.25 ,15.26 ,15.73 ,0.63 ,4.17 ,|10,670,193 |,30.71 ,9.55 ,... ,... ,... dd ,-2.54 
Chico's Fas,CHS,9.89 ,9.92 ,9.22 ,9.25 ,-0.68 ,-6.85 ,|3,194,321 |,14.38 ,6.96 ,0.34 ,3.68 ,11.71 ,4.88 
|
|
C,Symbol,Open,High,Low,Close,|Net
Chg|,%Chg,Vol,|52 Week
High|,|52 Week
Low|,Div,Yield,PE,|YTD
%Chg|
Chimera Investment,CIM,17.51 ,17.54 ,17.36 ,17.53 ,0.04 ,0.23 ,|789,839 |,20.43 ,15.77 ,2.00 ,11.41 ,6.72 ,-5.14 
China Distance Education Holdings ADR,DL,7.90 ,8.10 ,7.90 ,8.09 ,0.21 ,2.66 ,|22,916 |,10.71 ,6.61 ,... ,... ,41.13 ,-12.73 
China Eastern Airlines ADR,CEA,40.68 ,40.87 ,40.36 ,40.78 ,0.12 ,0.30 ,|27,412 |,45.33 ,24.44 ,... ,... ,12.65 ,12.84 
China Green Agriculture,CGA,1.25 ,1.27 ,1.23 ,1.26 ,0.03 ,2.44 ,|45,001 |,2.11 ,1.19 ,... ,... ,1.94 ,1.61 
China Life Insurance ADR,LFC,14.08 ,14.11 ,13.96 ,14.10 ,... ,... ,|373,946 |,17.85 ,13.48 ,0.32 ,2.26 ,16.85 ,-9.67 
China Mobile ADR,CHL,47.56 ,47.56 ,47.18 ,47.39 ,-0.07 ,-0.15 ,|321,540 |,56.93 ,44.55 ,2.02 ,4.25 ,11.50 ,-6.23 
China New Borun ADR,BORN,1.26 ,1.26 ,1.23 ,1.24 ,-0.02 ,-1.59 ,|7,243 |,1.74 ,1.10 ,... ,... ,2.96 ,-1.24 
China Online Education Group ADR,COE,11.11 ,11.45 ,10.74 ,11.28 ,-0.01 ,-0.09 ,|2,453 |,19.82 ,9.25 ,... ,... ,... dd ,-9.76 
China Petroleum&Chemical ADR,SNP,97.21 ,97.21 ,95.70 ,96.85 ,-0.69 ,-0.71 ,|135,137 |,98.27 ,69.60 ,10.20 ,10.53 ,14.50 ,32.00 
China Rapid Finance ADR,XRF,4.07 ,4.11 ,4.00 ,4.03 ,-0.11 ,-2.66 ,|23,371 |,12.86 ,3.83 ,... ,... ,... dd ,-29.55 
China Southern Airlines ADR,ZNH,53.93 ,54.12 ,53.58 ,54.02 ,-0.04 ,-0.07 ,|27,666 |,70.52 ,33.43 ,0.73 ,1.36 ,12.20 ,4.25 
China Telecom ADR,CHA,48.39 ,48.39 ,47.93 ,48.34 ,0.14 ,0.29 ,|40,004 |,53.77 ,41.28 ,1.47 ,3.03 ,14.28 ,1.83 
China Unicom (Hong Kong) ADR,CHU,13.99 ,14.07 ,13.90 ,14.02 ,-0.01 ,-0.07 ,|195,101 |,16.55 ,11.87 ,0.08 ,0.59 ,120.97 ,3.62 
China Yuchai International,CYD,20.65 ,20.94 ,20.54 ,20.90 ,0.09 ,0.43 ,|33,019 |,27.98 ,16.16 ,... ,... ,6.01 ,-12.92 
China Zenix Auto International ADR,ZX,1.33 ,1.34 ,1.32 ,1.34 ,... ,... ,|4,146 |,2.32 ,0.86 ,0.06 ,4.48 ,56.30 ,10.15 
Chipotle Mexican Grill Cl,CMG,423.29 ,431.00 ,420.01 ,426.01 ,2.68 ,0.63 ,|937,739 |,499.00 ,247.51 ,... ,... ,63.68 ,47.39 
Choice Hotels International,CHH,79.85 ,80.55 ,79.20 ,79.90 ,-0.15 ,-0.19 ,|170,108 |,85.35 ,59.60 ,0.86 ,1.08 ,39.36 ,2.96 
Christopher&Banks,CBK,1.05 ,1.07 ,1.02 ,1.06 ,... ,... ,|55,038 |,1.55 ,0.95 ,... ,... ,... dd ,-16.54 
Chubb,CB,135.68 ,136.21 ,134.40 ,135.93 ,0.26 ,0.19 ,|1,033,397 |,157.50 ,131.14 ,2.84 ,2.09 ,16.60 ,-6.98 
Chunghwa Telecom ADR,CHT,37.81 ,37.94 ,37.76 ,37.84 ,-0.15 ,-0.39 ,|82,446 |,39.33 ,33.10 ,1.64 ,4.33 ,23.82 ,6.77 
Church&Dwight,CHD,46.20 ,46.31 ,45.50 ,46.30 ,0.10 ,0.22 ,|2,118,878 |,54.18 ,43.21 ,0.87 ,1.88 ,15.86 ,-7.71 
Ciena,CIEN,25.35 ,25.83 ,25.04 ,25.80 ,0.05 ,0.19 ,|1,799,921 |,27.98 ,19.40 ,... ,... ,5.51 ,23.27 
Cigna,CI,172.01 ,172.97 ,170.80 ,171.07 ,-0.75 ,-0.44 ,|1,833,427 |,227.13 ,155.32 ,0.04 ,0.02 ,19.60 ,-15.77 
Cimarex Energy,XEC,99.86 ,100.29 ,98.77 ,99.84 ,-0.75 ,-0.75 ,|774,823 |,130.16 ,87.98 ,0.64 ,0.64 ,19.24 ,-18.17 
Cincinnati Bell,CBB,14.80 ,15.15 ,14.70 ,15.05 ,-0.10 ,-0.66 ,|323,364 |,22.20 ,13.00 ,... ,... ,25.95 ,-27.82 
Cinemark Holdings,CNK,39.04 ,39.37 ,38.24 ,38.56 ,-0.61 ,-1.56 ,|1,467,491 |,44.38 ,32.03 ,1.28 ,3.32 ,17.03 ,10.74 
Ciner Resources,CINR,26.27 ,26.89 ,26.27 ,26.28 ,-0.25 ,-0.94 ,|9,608 |,29.75 ,22.61 ,2.27 ,8.63 ,12.70 ,4.66 
Circor International,CIR,42.24 ,42.30 ,39.84 ,41.87 ,-0.50 ,-1.18 ,|155,775 |,68.76 ,39.84 ,0.15 ,0.36 ,57.36 ,-13.99 
Cision,CISN,13.35 ,13.43 ,13.28 ,13.37 ,-0.02 ,-0.15 ,|341,370 |,14.19 ,9.90 ,... ,... ,... dd ,12.64 
CIT Group,CIT,52.80 ,53.19 ,52.44 ,52.87 ,-0.08 ,-0.15 ,|1,192,557 |,56.14 ,43.25 ,0.64 ,1.21 ,32.72 ,7.39 
|
|
C,Symbol,Open,High,Low,Close,|Net
Chg|,%Chg,Vol,|52 Week
High|,|52 Week
Low|,Div,Yield,PE,|YTD
%Chg|
Citigroup,C,68.24 ,68.29 ,67.42 ,68.25 ,-0.02 ,-0.03 ,|11,276,416 |,80.70 ,58.93 ,1.28 ,1.88 ,... dd ,-8.28 
Citigroup Wt 2019,C%A,0.02 ,0.02 ,0.02 ,0.02 ,-0.00 ,-10.91 ,|33,711 |,0.18 ,0.01 ,... ,... ,... ,-80.42 
Citizens Cl A,CIA,7.75 ,7.79 ,7.49 ,7.50 ,-0.27 ,-3.47 ,|67,288 |,8.87 ,5.86 ,... ,... ,... dd ,2.04 
Citizens Financial Group,CFG,41.10 ,41.34 ,40.33 ,40.95 ,-0.32 ,-0.78 ,|7,143,951 |,48.23 ,31.51 ,0.88 ,2.15 ,11.90 ,-2.45 
City Office REIT,CIO,11.37 ,11.42 ,11.24 ,11.33 ,-0.05 ,-0.44 ,|288,101 |,13.93 ,10.03 ,0.94 ,8.30 ,... dd ,-12.91 
Civeo,CVEO,3.33 ,3.39 ,2.95 ,3.02 ,-0.33 ,-9.85 ,|1,468,903 |,4.20 ,1.57 ,... ,... ,... dd ,10.62 
Civitas Solutions,CIVI,14.30 ,14.30 ,13.95 ,14.05 ,-0.20 ,-1.40 ,|152,025 |,19.90 ,11.15 ,... ,... ,45.32 ,-17.84 
C&J Energy Services,CJ,29.72 ,29.83 ,28.99 ,29.72 ,-0.14 ,-0.47 ,|510,429 |,36.78 ,22.99 ,... ,... ,5.32 ,-11.20 
Clean Harbors,CLH,45.62 ,45.70 ,44.74 ,45.45 ,-0.35 ,-0.76 ,|515,086 |,61.62 ,44.74 ,... ,... ,25.68 ,-16.14 
Clear Channel Outdoor Holdings,CCO,4.55 ,4.60 ,4.35 ,4.40 ,-0.40 ,-8.33 ,|241,267 |,5.75 ,3.35 ,... ,... ,220.00 ,-4.35 
Clearwater Paper,CLW,23.65 ,24.00 ,22.50 ,23.25 ,-0.40 ,-1.69 ,|190,413 |,50.60 ,22.50 ,... ,... ,4.17 ,-48.79 
Cleveland-Cliffs,CLF,7.35 ,7.39 ,7.08 ,7.20 ,-0.22 ,-2.96 ,|10,663,259 |,9.15 ,5.56 ,... ,... ,6.79 ,-0.14 
Clipper Realty,CLPR,8.19 ,8.19 ,7.94 ,8.05 ,-0.14 ,-1.71 ,|13,475 |,13.00 ,7.62 ,0.38 ,4.72 ,... dd ,-19.42 
Clorox,CLX,116.81 ,117.97 ,115.59 ,116.82 ,-0.38 ,-0.32 ,|1,777,897 |,150.40 ,113.57 ,3.84 ,3.29 ,19.28 ,-21.46 
Cloudera,CLDR,14.22 ,14.44 ,14.02 ,14.42 ,0.17 ,1.19 ,|1,367,668 |,23.35 ,12.57 ,... ,... ,... dd ,-12.71 
Cloud Peak Energy,CLD,3.15 ,3.25 ,3.07 ,3.20 ,0.01 ,0.31 ,|643,055 |,5.70 ,2.76 ,... ,... ,45.71 ,-28.09 
CMS Energy,CMS,47.05 ,47.20 ,46.90 ,47.05 ,-0.14 ,-0.30 ,|2,506,914 |,50.85 ,40.48 ,1.43 ,3.04 ,26.37 ,-0.53 
CNA Financial,CNA,50.70 ,50.70 ,49.90 ,50.47 ,0.01 ,0.02 ,|207,781 |,55.62 ,43.95 ,1.20 ,2.38 ,14.76 ,-4.86 
CNH Industrial,CNHI,12.27 ,12.30 ,11.91 ,12.14 ,-0.11 ,-0.90 ,|1,388,477 |,15.64 ,10.36 ,0.17 ,1.43 ,... ,-9.40 
CNO Financial Group,CNO,21.35 ,21.40 ,20.94 ,21.29 ,-0.15 ,-0.70 ,|777,649 |,26.47 ,19.37 ,0.36 ,1.69 ,18.51 ,-13.77 
CNOOC ADR,CEO,167.89 ,168.17 ,166.18 ,167.81 ,-1.20 ,-0.71 ,|121,447 |,170.57 ,108.05 ,7.64 ,4.56 ,20.73 ,16.89 
CNX Midstream Partners,CNXM,19.07 ,19.07 ,18.53 ,18.90 ,-0.13 ,-0.68 ,|57,066 |,22.74 ,15.25 ,1.30 ,6.87 ,10.98 ,12.70 
CNX Resources,CNX,14.82 ,14.96 ,14.62 ,14.90 ,0.04 ,0.27 ,|3,068,607 |,18.09 ,11.30 ,... ,... ,9.00 ,1.85 
Coca-Cola,KO,42.96 ,42.99 ,42.18 ,42.59 ,-0.62 ,-1.43 ,|11,342,076 |,48.62 ,41.91 ,1.56 ,3.66 ,133.09 ,-7.17 
Coca-Cola European Partners,CCE,38.89 ,38.94 ,38.41 ,38.57 ,-0.63 ,-1.61 ,|878,243 |,44.75 ,36.17 ,1.28 ,3.31 ,28.46 ,-3.21 
Coca-Cola Femsa ADR,KOF,64.32 ,65.20 ,63.03 ,64.14 ,-0.58 ,-0.89 ,|74,099 |,91.84 ,63.03 ,1.84 ,2.87 ,... dd ,-7.87 
Coeur Mining,CDE,7.57 ,7.80 ,7.49 ,7.78 ,0.21 ,2.77 ,|2,557,729 |,9.98 ,6.71 ,... ,... ,... dd ,3.73 
Cohen&Steers,CNS,39.96 ,40.43 ,38.89 ,39.41 ,-0.69 ,-1.72 ,|461,802 |,47.83 ,36.30 ,1.32 ,3.35 ,19.22 ,-16.66 
Colfax,CFX,30.91 ,31.04 ,30.14 ,30.83 ,-0.18 ,-0.58 ,|1,024,282 |,43.29 ,29.94 ,... ,... ,... dd ,-22.19 
Colgate-Palmolive,CL,64.78 ,65.39 ,64.63 ,65.00 ,-0.23 ,-0.35 ,|4,496,167 |,77.91 ,64.63 ,1.68 ,2.58 ,27.54 ,-13.85 
|
|
C,Symbol,Open,High,Low,Close,|Net
Chg|,%Chg,Vol,|52 Week
High|,|52 Week
Low|,Div,Yield,PE,|YTD
%Chg|
Colony NorthStar,CLNS,6.13 ,6.21 ,6.02 ,6.15 ,0.04 ,0.65 ,|7,182,732 |,14.74 ,5.28 ,0.44 ,7.15 ,... dd ,-46.10 
Colony NorthStar Credit Real Estate,CLNC,18.99 ,19.63 ,18.99 ,19.57 ,0.53 ,2.78 ,|273,228 |,22.00 ,17.66 ,1.74 ,8.89 ,... ,... 
Columbia Property Trust,CXP,21.45 ,21.55 ,21.32 ,21.48 ,0.12 ,0.56 ,|778,608 |,23.31 ,19.55 ,0.80 ,3.72 ,23866.67 ,-6.41 
Comerica,CMA,94.42 ,95.06 ,93.45 ,94.85 ,0.27 ,0.29 ,|987,116 |,102.66 ,64.04 ,1.36 ,1.43 ,20.52 ,9.26 
Comfort Systems USA,FIX,42.00 ,42.00 ,41.30 ,42.00 ,-0.20 ,-0.47 ,|148,656 |,48.95 ,31.90 ,0.32 ,0.76 ,24.56 ,-3.78 
Commercial Metals,CMC,20.89 ,20.89 ,20.14 ,20.64 ,-0.37 ,-1.76 ,|947,315 |,26.72 ,17.05 ,0.48 ,2.33 ,42.12 ,-3.19 
Community Bank System,CBU,56.44 ,57.62 ,55.72 ,57.42 ,1.17 ,2.08 ,|355,082 |,58.80 ,48.89 ,1.36 ,2.37 ,17.93 ,6.83 
Community Healthcare Trust,CHCT,25.50 ,25.98 ,25.47 ,25.86 ,0.36 ,1.41 ,|138,287 |,30.64 ,22.41 ,1.59 ,6.15 ,123.14 ,-7.97 
Community Health Systems,CYH,3.81 ,4.00 ,3.74 ,3.97 ,0.19 ,5.03 ,|2,335,655 |,10.51 ,3.69 ,... ,... ,... dd ,-6.81 
Companhia Brasileira de Distribuicao Grupo Pao de Acucar ADR,CBD,22.10 ,22.57 ,21.82 ,21.96 ,-0.38 ,-1.70 ,|242,841 |,25.90 ,18.60 ,... ,... ,26.07 ,-6.83 
Companhia de Saneamento Basico do Estado de Sao Paulo ADR,SBS,9.97 ,9.98 ,9.78 ,9.95 ,-0.03 ,-0.30 ,|1,371,685 |,11.96 ,8.15 ,... ,... ,8.61 ,-4.78 
Companhia Energetica de Minas Gerais-Cemig ADR,CIG,2.38 ,2.42 ,2.32 ,2.35 ,-0.04 ,-1.67 ,|1,216,977 |,3.09 ,1.89 ,... ,... ,9.62 ,14.08 
Companhia Paranaense de Energia-COPEL ADR,ELP,7.67 ,7.67 ,7.49 ,7.52 ,-0.15 ,-1.96 ,|106,898 |,9.86 ,6.70 ,... ,... ,6.31 ,-1.44 
Companhia Siderurgica Nacional ADR,SID,2.49 ,2.55 ,2.42 ,2.50 ,-0.01 ,-0.40 ,|4,284,218 |,3.55 ,1.76 ,0.06 ,2.48 ,641.03 ,2.04 
Compania Cervecerias Unidas ADR,CCU,27.54 ,27.56 ,27.10 ,27.24 ,-0.38 ,-1.38 ,|32,033 |,30.35 ,25.03 ,0.71 ,2.61 ,24.99 ,-7.91 
Compania de Minas Buenaventura ADR,BVN,15.85 ,16.09 ,15.77 ,16.08 ,0.13 ,0.82 ,|682,848 |,16.80 ,10.87 ,0.06 ,0.37 ,65.63 ,14.20 
Compass Diversified Holdings,CODI,15.60 ,15.70 ,15.40 ,15.60 ,0.10 ,0.65 ,|110,054 |,18.35 ,14.60 ,1.44 ,9.23 ,... dd ,-7.96 
Compass Minerals International,CMP,67.20 ,67.40 ,66.40 ,66.65 ,-0.65 ,-0.97 ,|344,491 |,76.65 ,56.50 ,2.88 ,4.32 ,53.58 ,-7.75 
Comstock Resources,CRK,6.93 ,7.06 ,6.84 ,7.05 ,0.12 ,1.73 ,|548,855 |,10.72 ,4.01 ,... ,... ,... dd ,-16.67 
Conagra Brands,CAG,37.00 ,37.01 ,36.40 ,36.56 ,-0.51 ,-1.38 ,|3,418,462 |,40.24 ,32.16 ,0.85 ,2.32 ,16.93 ,-2.95 
Concho Resources,CXO,156.21 ,157.44 ,154.71 ,157.03 ,-0.18 ,-0.11 ,|1,472,837 |,162.91 ,106.73 ,... ,... ,24.53 ,4.53 
Concord Medical Services Holdings ADR,CCM,3.83 ,4.05 ,3.76 ,4.05 ,-0.05 ,-1.22 ,|9,119 |,4.60 ,2.46 ,... ,... ,... ,21.62 
Conduent,CNDT,19.39 ,19.45 ,18.92 ,19.45 ,-0.01 ,-0.05 ,|2,034,645 |,20.32 ,14.95 ,... ,... ,24.24 ,20.36 
ConocoPhillips,COP,65.05 ,65.78 ,64.55 ,65.71 ,0.21 ,0.32 ,|6,892,084 |,67.30 ,42.27 ,1.14 ,1.73 ,... dd ,19.71 
CONSOL Coal Resources,CCR,15.45 ,15.45 ,14.70 ,15.15 ,-0.30 ,-1.94 ,|31,888 |,17.55 ,12.55 ,2.05 ,13.53 ,11.04 ,-3.19 
CONSOL Energy,CEIX,31.13 ,31.25 ,30.27 ,30.86 ,-0.59 ,-1.88 ,|478,588 |,41.89 ,19.51 ,... ,... ,12.78 ,-21.89 
Consolidated Edison,ED,80.24 ,80.24 ,79.75 ,79.95 ,-0.18 ,-0.22 ,|956,304 |,89.70 ,73.73 ,2.86 ,3.58 ,16.18 ,-5.89 
Constellation Brands Cl A,STZ,232.33 ,232.82 ,227.70 ,229.68 ,-3.45 ,-1.48 ,|912,299 |,236.62 ,172.46 ,2.96 ,1.29 ,21.94 ,0.49 
Constellium Cl A,CSTM,11.30 ,11.30 ,10.90 ,11.15 ,-0.20 ,-1.76 ,|856,291 |,14.10 ,6.05 ,... ,... ,... dd ,... 
Container Store Group,TCS,6.21 ,6.25 ,6.09 ,6.23 ,... ,... ,|73,719 |,6.40 ,3.53 ,... ,... ,10.74 ,31.43 
|
|
C,Symbol,Open,High,Low,Close,|Net
Chg|,%Chg,Vol,|52 Week
High|,|52 Week
Low|,Div,Yield,PE,|YTD
%Chg|
Continental Building Products,CBPX,28.05 ,28.25 ,27.45 ,27.70 ,-0.40 ,-1.42 ,|421,082 |,31.00 ,21.00 ,... ,... ,17.76 ,-1.60 
Continental Resources,CLR,65.70 ,65.88 ,64.86 ,65.72 ,-0.34 ,-0.51 ,|1,850,583 |,66.54 ,29.08 ,... ,... ,31.22 ,24.07 
Controladora Vuela Compania de Aviacion ADR,VLRS,6.25 ,6.30 ,6.01 ,6.06 ,-0.18 ,-2.88 ,|524,270 |,16.00 ,5.58 ,... ,... ,... dd ,-24.44 
Convergys,CVG,23.45 ,23.58 ,23.21 ,23.53 ,0.17 ,0.73 ,|448,640 |,26.66 ,21.13 ,0.40 ,1.70 ,19.35 ,0.13 
Cooper,COO,228.82 ,230.81 ,227.87 ,230.09 ,1.38 ,0.60 ,|272,749 |,260.26 ,199.48 ,0.06 ,0.03 ,66.02 ,5.60 
Cooper-Standard Holdings,CPS,123.58 ,124.21 ,120.80 ,124.00 ,0.20 ,0.16 ,|88,179 |,135.00 ,95.33 ,... ,... ,17.25 ,1.22 
Cooper Tire&Rubber,CTB,24.20 ,24.30 ,23.48 ,24.05 ,-0.40 ,-1.64 ,|1,885,761 |,40.77 ,22.57 ,0.42 ,1.75 ,17.55 ,-31.97 
Copa Holdings Cl A,CPA,117.02 ,117.49 ,115.51 ,116.50 ,-0.67 ,-0.57 ,|168,898 |,141.34 ,107.90 ,3.48 ,2.99 ,13.34 ,-13.10 
CoreCivic,CXW,20.09 ,20.54 ,20.01 ,20.44 ,0.28 ,1.39 ,|631,369 |,34.31 ,18.61 ,1.72 ,8.41 ,13.63 ,-9.16 
Core Laboratories,CLB,122.13 ,122.30 ,119.64 ,121.68 ,-0.77 ,-0.63 ,|352,726 |,125.88 ,86.55 ,2.20 ,1.81 ,60.24 ,11.07 
CoreLogic,CLGX,49.28 ,50.33 ,49.08 ,50.15 ,0.65 ,1.31 ,|643,295 |,50.97 ,41.19 ,... ,... ,25.63 ,8.53 
CoreSite Realty,COR,103.91 ,105.87 ,103.64 ,105.44 ,1.34 ,1.29 ,|347,210 |,120.85 ,89.76 ,3.92 ,3.72 ,54.07 ,-7.43 
Corning,GLW,26.89 ,26.93 ,26.60 ,26.82 ,-0.20 ,-0.74 ,|5,433,596 |,35.10 ,26.30 ,0.72 ,2.68 ,... dd ,-16.16 
Corporacion America Airports,CAAP,12.27 ,12.30 ,12.02 ,12.21 ,-0.13 ,-1.05 ,|77,210 |,17.99 ,11.21 ,... ,... ,... ,... 
Corporate Office Properties Trust,OFC,27.51 ,27.83 ,27.46 ,27.68 ,0.17 ,0.62 ,|605,905 |,36.03 ,24.55 ,1.10 ,3.97 ,55.42 ,-5.21 
